,Date,MSLP,Prcp,Tc,RH,WS
0,2021-01-01,1018.2,29.0,1.1,97.0,2.7
1,2021-01-02,1020.3,49.5,0.7,100.0,2.1
2,2021-01-03,1024.9,1.5,0.9,98.0,1.6
3,2021-01-04,1027.1,18.5,2.6,95.0,2.2
4,2021-01-05,1021.6,7.5,3.6,89.0,2.4
5,2021-01-06,1015.2,4.5,2.6,92.0,3.0
6,2021-01-07,1009.2,21.5,1.2,83.0,4.8
7,2021-01-08,1011.0,65.0,-1.5,100.0,2.6
8,2021-01-09,1012.3,40.5,-1.6,99.0,3.5
9,2021-01-10,1019.0,8.5,-0.4,95.0,2.2
10,2021-01-11,1023.9,20.5,0.7,97.0,1.9
11,2021-01-12,1015.2,1.5,2.1,92.0,1.8
12,2021-01-13,1016.8,2.0,3.4,86.0,2.7
13,2021-01-14,1021.4,0.5,4.7,81.0,2.8
14,2021-01-15,1020.6,0.0,4.3,80.0,2.8
15,2021-01-16,1016.4,35.5,4.2,88.0,3.5
16,2021-01-17,1018.6,10.0,1.2,98.0,1.5
17,2021-01-18,1015.9,28.0,1.2,97.0,3.3
18,2021-01-19,1026.5,6.0,-0.4,91.0,2.3
19,2021-01-20,1032.0,0.0,-0.7,79.0,2.1
20,2021-01-21,1025.9,0.0,1.1,83.0,1.8
21,2021-01-22,1020.6,5.0,4.7,93.0,2.7
22,2021-01-23,1020.9,4.5,4.0,94.0,1.8
23,2021-01-24,1021.3,9.5,3.8,99.0,1.5
24,2021-01-25,1027.1,0.0,4.6,95.0,1.8
25,2021-01-26,1019.5,0.5,6.9,76.0,2.7
26,2021-01-27,1017.7,13.5,6.3,87.0,3.7
27,2021-01-28,1010.4,0.0,4.7,77.0,2.1
28,2021-01-29,1011.6,26.5,0.7,90.0,4.6
29,2021-01-30,1023.0,7.0,0.9,87.0,2.6
30,2021-01-31,1029.8,1.5,2.3,90.0,2.0
31,2021-02-01,1020.0,4.0,5.5,67.0,6.1
32,2021-02-02,1014.1,27.5,4.1,92.0,3.1
33,2021-02-03,1020.1,10.0,1.4,90.0,2.7
34,2021-02-04,1019.2,8.5,2.1,85.0,3.6
35,2021-02-05,1020.9,2.0,4.5,74.0,2.4
36,2021-02-06,1014.9,0.0,8.7,53.0,3.8
37,2021-02-07,1015.7,2.0,5.1,81.0,2.7
38,2021-02-08,1017.9,11.5,1.0,87.0,2.6
39,2021-02-09,1023.3,8.0,0.1,90.0,2.4
40,2021-02-10,1021.4,1.5,4.3,73.0,2.7
41,2021-02-11,1024.6,0.0,5.3,75.0,2.0
42,2021-02-12,1026.5,0.0,4.9,77.0,1.5
43,2021-02-13,1025.0,0.0,11.3,56.0,3.6
44,2021-02-14,1018.3,0.0,13.6,53.0,3.9
45,2021-02-15,1000.4,40.0,9.8,87.0,3.5
46,2021-02-16,1007.2,25.5,2.8,86.0,5.4
47,2021-02-17,1004.2,47.0,-0.2,95.0,3.8
48,2021-02-18,1010.2,20.0,-0.6,93.0,2.5
49,2021-02-19,1016.1,0.0,2.0,82.0,2.9
50,2021-02-20,1010.4,0.5,8.1,59.0,4.5
51,2021-02-21,1012.9,0.0,11.2,58.0,3.7
52,2021-02-22,1011.0,7.0,13.2,54.0,4.4
53,2021-02-23,1019.8,2.0,5.0,73.0,3.3
54,2021-02-24,1026.5,0.0,1.9,78.0,2.1
55,2021-02-25,1025.8,0.0,3.1,68.0,2.0
56,2021-02-26,1025.1,1.5,5.5,67.0,2.7
57,2021-02-27,1031.3,0.0,3.3,56.0,4.5
58,2021-02-28,1031.0,0.0,5.8,66.0,1.9
59,2021-03-01,1020.0,0.0,15.5,40.0,6.1
60,2021-03-02,1013.2,24.0,9.2,76.0,6.2
61,2021-03-03,1029.8,0.0,3.3,65.0,3.3
62,2021-03-04,1027.9,0.0,8.2,66.0,2.4
63,2021-03-05,1021.1,1.5,11.7,67.0,3.4
64,2021-03-06,1024.5,9.0,6.9,87.0,4.2
65,2021-03-07,1028.3,0.0,5.0,70.0,3.5
66,2021-03-08,1027.3,0.0,5.3,75.0,3.1
67,2021-03-09,1023.8,0.0,5.7,74.0,1.9
68,2021-03-10,1026.9,0.0,6.6,69.0,2.8
69,2021-03-11,1028.7,0.0,6.6,69.0,1.8
70,2021-03-12,1022.9,4.0,8.7,80.0,1.8
71,2021-03-13,1011.0,21.0,9.2,93.0,2.4
72,2021-03-14,1016.4,3.0,8.5,68.0,3.2
73,2021-03-15,1018.3,0.0,9.3,61.0,2.3
74,2021-03-16,1012.3,2.5,10.9,71.0,3.5
75,2021-03-17,1019.6,0.0,7.7,63.0,2.4
76,2021-03-18,1022.9,0.0,7.4,67.0,2.7
77,2021-03-19,1022.4,0.0,7.8,71.0,2.9
78,2021-03-20,1016.8,6.0,9.5,75.0,3.0
79,2021-03-21,1005.9,12.5,14.3,78.0,4.7
80,2021-03-22,1014.8,1.5,7.3,75.0,2.9
81,2021-03-23,1021.7,0.0,9.0,58.0,2.8
82,2021-03-24,1022.4,0.0,12.5,52.0,3.1
83,2021-03-25,1019.2,0.0,12.6,64.0,3.1
84,2021-03-26,1020.3,5.5,9.5,71.0,2.6
85,2021-03-27,1020.6,0.0,10.4,72.0,2.5
86,2021-03-28,1007.3,6.5,17.6,56.0,7.7
87,2021-03-29,1005.8,0.0,16.6,68.0,4.5
88,2021-03-30,1010.3,0.0,13.8,68.0,2.1
89,2021-03-31,1016.5,0.0,10.8,70.0,3.1
90,2021-04-01,1023.0,0.0,10.0,69.0,3.4
91,2021-04-02,1024.7,0.0,12.0,72.0,1.8
92,2021-04-03,1018.3,0.0,17.8,55.0,3.6
93,2021-04-04,1010.1,20.0,16.8,70.0,5.2
94,2021-04-05,1018.3,5.5,8.6,78.0,4.0
95,2021-04-06,1018.1,0.0,8.9,70.0,2.1
96,2021-04-07,1017.1,0.0,11.7,60.0,2.4
97,2021-04-08,1016.9,0.0,9.4,67.0,3.5
98,2021-04-09,1025.1,0.0,8.0,58.0,2.7
99,2021-04-10,1032.6,0.0,7.1,63.0,3.0
100,2021-04-11,1033.6,0.0,8.8,68.0,2.4
101,2021-04-12,1027.2,0.0,13.8,59.0,3.1
102,2021-04-13,1012.1,0.0,18.0,53.0,8.1
103,2021-04-14,1014.1,11.5,8.6,91.0,3.3
104,2021-04-15,1021.7,0.0,8.4,65.0,2.8
105,2021-04-16,1020.7,0.0,15.8,50.0,5.9
106,2021-04-17,1012.6,19.0,13.5,89.0,2.7
107,2021-04-18,1007.4,13.0,9.8,77.0,5.2
108,2021-04-19,1014.3,0.0,13.0,58.0,3.1
109,2021-04-20,1017.5,0.0,15.9,56.0,4.4
110,2021-04-21,1023.7,0.0,13.1,68.0,2.2
111,2021-04-22,1023.2,0.0,13.4,57.0,2.5
112,2021-04-23,1022.3,0.0,11.9,73.0,2.8
113,2021-04-24,1019.3,0.0,13.9,77.0,2.0
114,2021-04-25,1018.0,0.0,12.7,69.0,4.2
115,2021-04-26,1022.9,0.0,8.9,57.0,4.5
116,2021-04-27,1021.9,0.0,12.3,55.0,2.4
117,2021-04-28,1018.3,11.5,17.1,67.0,4.5
118,2021-04-29,1009.1,71.0,12.7,98.0,3.1
119,2021-04-30,1005.5,3.0,14.7,73.0,3.1
120,2021-05-01,1003.7,12.5,14.4,70.0,4.0
121,2021-05-02,1006.2,16.5,10.9,82.0,3.4
122,2021-05-03,1017.3,0.0,12.4,72.0,3.5
123,2021-05-04,1017.1,0.0,16.8,52.0,2.9
124,2021-05-05,1012.1,14.5,17.7,68.0,5.9
125,2021-05-06,1017.4,0.0,17.6,63.0,2.2
126,2021-05-07,1009.7,0.0,18.3,58.0,3.3
127,2021-05-08,1005.9,0.0,19.8,56.0,3.9
128,2021-05-09,1006.4,2.5,18.6,54.0,5.2
129,2021-05-10,1013.3,0.0,15.8,51.0,3.1
130,2021-05-11,1017.3,0.0,15.5,67.0,2.8
131,2021-05-12,1017.5,0.0,14.6,70.0,1.9
132,2021-05-13,1013.2,0.0,18.0,71.0,2.3
133,2021-05-14,1014.0,0.0,19.0,70.0,2.2
134,2021-05-15,1013.1,0.0,21.7,67.0,3.1
135,2021-05-16,1008.3,10.5,22.2,62.0,8.3
136,2021-05-17,1004.8,79.5,19.3,95.0,2.7
137,2021-05-18,1011.1,1.5,15.2,95.0,1.9
138,2021-05-19,1012.0,1.5,17.3,92.0,1.3
139,2021-05-20,1011.5,21.5,16.4,93.0,2.0
140,2021-05-21,1003.7,33.5,18.5,87.0,4.0
141,2021-05-22,1006.2,1.0,18.4,75.0,5.0
142,2021-05-23,1009.5,0.0,18.8,75.0,3.4
143,2021-05-24,1007.3,0.0,20.0,74.0,2.4
144,2021-05-25,1005.8,11.0,18.8,78.0,2.8
145,2021-05-26,1011.3,0.0,17.8,57.0,3.0
146,2021-05-27,1003.8,10.5,15.8,86.0,2.2
147,2021-05-28,1004.1,0.0,21.4,64.0,3.7
148,2021-05-29,1003.9,0.0,19.8,68.0,5.7
149,2021-05-30,1010.4,0.0,17.6,74.0,2.5
150,2021-05-31,1013.9,0.0,17.1,77.0,3.0
151,2021-06-01,1016.4,0.0,17.4,81.0,2.4
152,2021-06-02,1016.7,0.0,20.4,73.0,2.1
153,2021-06-03,1010.4,0.0,22.4,66.0,2.6
154,2021-06-04,999.5,31.5,20.8,82.0,4.3
155,2021-06-05,1004.3,0.0,21.0,62.0,2.3
156,2021-06-06,1008.8,0.0,22.5,53.0,2.9
157,2021-06-07,1014.3,0.0,23.4,65.0,2.0
158,2021-06-08,1015.5,,21.9,67.0,2.2
159,2021-06-09,1017.6,,20.4,81.0,2.4
160,2021-06-10,1018.0,0.0,22.1,80.0,2.1
161,2021-06-11,1016.0,0.0,24.6,59.0,3.5
162,2021-06-12,1015.3,0.0,25.0,57.0,2.9
163,2021-06-13,1011.6,5.5,21.5,87.0,1.9
164,2021-06-14,1007.9,10.5,21.4,91.0,2.3
165,2021-06-15,1006.9,0.0,21.7,85.0,3.0
166,2021-06-16,1006.3,0.0,21.6,85.0,2.5
167,2021-06-17,1006.2,1.0,21.6,86.0,2.6
168,2021-06-18,1003.7,0.0,22.4,79.0,2.0
169,2021-06-19,1000.1,42.0,20.8,94.0,1.5
170,2021-06-20,1002.5,0.0,21.2,82.0,2.4
171,2021-06-21,1004.7,0.0,20.9,77.0,2.2
172,2021-06-22,1008.1,0.0,22.4,74.0,3.3
173,2021-06-23,1011.0,0.0,21.6,78.0,2.1
174,2021-06-24,1012.4,0.0,22.0,78.0,2.5
175,2021-06-25,1012.6,0.5,22.1,83.0,2.2
176,2021-06-26,1012.6,0.0,24.0,75.0,2.2
177,2021-06-27,1009.6,5.0,22.2,90.0,1.5
178,2021-06-28,1005.5,0.0,22.8,84.0,2.4
179,2021-06-29,1004.3,6.0,22.9,87.0,2.1
180,2021-06-30,1009.4,0.0,24.3,82.0,2.1
181,2021-07-01,1008.6,2.5,25.8,74.0,2.1
182,2021-07-02,1008.0,3.0,25.5,82.0,1.9
183,2021-07-03,1009.9,0.5,25.3,86.0,2.1
184,2021-07-04,1010.1,10.0,25.5,86.0,2.3
185,2021-07-05,1010.4,46.5,24.7,88.0,2.8
186,2021-07-06,1010.0,10.5,23.9,91.0,2.3
187,2021-07-07,1008.6,6.5,24.4,88.0,2.3
188,2021-07-08,1007.5,12.5,23.1,96.0,1.4
189,2021-07-09,1006.6,42.0,24.4,95.0,1.4
190,2021-07-10,1009.7,4.0,26.1,84.0,2.5
191,2021-07-11,1011.9,37.5,24.7,90.0,2.0
192,2021-07-12,1011.7,6.0,25.5,82.0,2.4
193,2021-07-13,1013.0,0.0,25.8,80.0,2.2
194,2021-07-14,1014.8,1.5,25.5,83.0,2.5
195,2021-07-15,1017.3,22.5,24.8,85.0,2.0
196,2021-07-16,1018.3,0.0,25.7,82.0,2.0
197,2021-07-17,1016.2,0.0,27.1,80.0,2.3
198,2021-07-18,1014.9,0.0,28.0,78.0,2.4
199,2021-07-19,1015.5,0.0,28.5,76.0,2.5
200,2021-07-20,1015.0,0.0,28.1,78.0,2.7
201,2021-07-21,1014.1,0.0,27.8,80.0,2.7
202,2021-07-22,1012.3,0.0,28.1,79.0,2.8
203,2021-07-23,1010.7,0.0,28.4,77.0,2.5
204,2021-07-24,1010.1,0.0,28.5,76.0,2.5
205,2021-07-25,1009.1,0.0,29.0,73.0,2.4
206,2021-07-26,1005.4,0.0,28.6,76.0,2.9
207,2021-07-27,1000.9,5.5,25.5,86.0,1.7
208,2021-07-28,1001.0,1.0,26.8,81.0,2.6
209,2021-07-29,1001.9,7.5,27.5,78.0,2.4
210,2021-07-30,1001.8,0.0,27.9,74.0,2.4
211,2021-07-31,1002.4,0.0,27.9,77.0,2.9
212,2021-08-01,1002.8,0.0,28.9,71.0,2.7
213,2021-08-02,1006.2,0.0,30.0,63.0,3.9
214,2021-08-03,1009.5,0.0,30.5,68.0,2.4
215,2021-08-04,1010.4,0.0,31.0,66.0,3.0
216,2021-08-05,1007.1,0.0,29.9,77.0,2.7
217,2021-08-06,1004.6,0.0,30.2,76.0,2.6
218,2021-08-07,1003.8,1.0,29.1,76.0,2.5
219,2021-08-08,1002.6,23.0,28.2,82.0,2.8
220,2021-08-09,992.2,20.5,28.4,78.0,4.2
221,2021-08-10,1005.3,43.0,24.9,90.0,3.9
222,2021-08-11,1012.8,0.0,25.6,83.0,2.5
223,2021-08-12,1011.7,34.0,24.2,92.0,1.5
224,2021-08-13,1008.1,74.5,22.0,98.0,1.8
225,2021-08-14,1006.2,50.0,21.8,97.0,1.7
226,2021-08-15,1011.3,19.0,23.2,86.0,2.3
227,2021-08-16,1015.4,0.0,24.0,83.0,2.1
228,2021-08-17,1011.4,31.5,22.7,96.0,1.7
229,2021-08-18,1010.2,3.5,24.3,91.0,2.1
230,2021-08-19,1013.5,0.0,27.0,71.0,3.0
231,2021-08-20,1015.9,2.0,27.0,77.0,2.1
232,2021-08-21,1013.6,0.0,28.3,69.0,2.9
233,2021-08-22,1010.6,1.0,29.3,67.0,3.8
234,2021-08-23,1011.2,0.5,27.8,77.0,2.7
235,2021-08-24,1008.3,10.0,25.7,81.0,2.6
236,2021-08-25,1009.4,9.5,27.3,81.0,3.2
237,2021-08-26,1012.7,0.0,29.2,74.0,3.2
238,2021-08-27,1013.4,0.0,27.8,74.0,2.8
239,2021-08-28,1012.9,0.0,26.8,74.0,3.2
240,2021-08-29,1013.4,0.0,27.0,74.0,1.7
241,2021-08-30,1014.2,10.5,26.7,79.0,2.4
242,2021-08-31,1015.4,0.0,25.8,77.0,2.0
243,2021-09-01,1011.9,37.5,21.6,91.0,1.9
244,2021-09-02,1008.4,27.5,22.5,86.0,3.1
245,2021-09-03,1009.3,13.5,22.3,88.0,1.4
246,2021-09-04,1012.0,1.5,22.1,93.0,1.7
247,2021-09-05,1015.5,2.0,23.3,88.0,1.8
248,2021-09-06,1015.9,0.0,22.4,82.0,2.8
249,2021-09-07,1013.9,0.0,22.8,70.0,2.3
250,2021-09-08,1009.8,24.0,23.0,74.0,5.8
251,2021-09-09,1012.8,20.0,24.5,78.0,2.8
252,2021-09-10,1014.1,0.0,23.4,83.0,1.8
253,2021-09-11,1012.9,0.5,23.8,82.0,1.8
254,2021-09-12,1013.1,0.0,22.9,81.0,2.0
255,2021-09-13,1018.5,0.0,22.5,73.0,2.9
256,2021-09-14,1017.3,0.0,21.5,76.0,1.7
257,2021-09-15,1015.1,0.0,22.4,78.0,3.4
258,2021-09-16,1014.2,0.0,22.6,77.0,1.9
259,2021-09-17,1010.7,0.0,25.2,65.0,3.7
260,2021-09-18,1007.9,9.5,22.8,93.0,2.7
261,2021-09-19,1013.7,0.5,23.7,75.0,6.1
262,2021-09-20,1015.5,0.0,23.6,76.0,2.4
263,2021-09-21,1011.9,0.0,25.7,68.0,3.0
264,2021-09-22,1009.5,18.0,24.3,77.0,4.0
265,2021-09-23,1014.3,0.0,23.2,69.0,3.8
266,2021-09-24,1020.6,0.0,21.7,74.0,4.1
267,2021-09-25,1022.8,0.0,21.3,76.0,2.7
268,2021-09-26,1019.8,22.0,20.2,91.0,1.7
269,2021-09-27,1016.4,0.0,21.5,81.0,2.2
270,2021-09-28,1015.0,0.0,23.1,74.0,1.9
271,2021-09-29,1012.1,0.0,25.1,64.0,3.1
272,2021-09-30,1007.8,0.0,25.5,65.0,4.4
273,2021-10-01,1003.3,3.5,22.5,87.0,4.1
274,2021-10-02,1012.3,0.0,21.6,76.0,2.8
275,2021-10-03,1022.7,0.0,21.6,65.0,2.9
276,2021-10-04,1023.6,0.0,25.3,57.0,4.5
277,2021-10-05,1021.0,0.0,24.5,58.0,4.0
278,2021-10-06,1020.2,8.5,20.1,80.0,3.7
279,2021-10-07,1018.0,0.0,21.5,77.0,2.0
280,2021-10-08,1021.2,0.0,23.2,78.0,2.8
281,2021-10-09,1024.2,0.0,22.9,82.0,2.8
282,2021-10-10,1020.4,0.0,24.7,67.0,3.2
283,2021-10-11,1019.1,0.5,22.7,70.0,5.5
284,2021-10-12,1023.3,22.5,18.9,95.0,2.0
285,2021-10-13,1022.7,22.5,18.9,95.0,2.0
286,2021-10-14,1018.8,0.0,19.7,76.0,2.0
287,2021-10-15,1016.8,0.0,19.6,75.0,2.0
288,2021-10-16,1013.0,23.0,20.0,81.0,2.1
289,2021-10-17,1019.2,31.0,13.1,86.0,4.2
290,2021-10-18,1022.8,0.5,12.9,77.0,2.4
291,2021-10-19,1014.4,1.0,15.4,73.0,2.3
292,2021-10-20,1014.5,20.5,11.9,88.0,2.7
293,2021-10-21,1019.5,0.5,12.1,73.0,2.5
294,2021-10-22,1017.0,5.0,13.7,67.0,4.0
295,2021-10-23,1024.5,1.0,12.3,71.0,2.7
296,2021-10-24,1027.0,0.0,12.6,68.0,2.9
297,2021-10-25,1022.4,3.0,12.8,84.0,1.6
298,2021-10-26,1017.2,2.0,14.6,83.0,2.0
299,2021-10-27,1016.8,0.0,15.4,74.0,2.5
300,2021-10-28,1019.8,0.0,15.1,66.0,2.8
301,2021-10-29,1023.1,0.0,14.0,67.0,3.1
302,2021-10-30,1024.8,0.0,14.1,67.0,2.4
303,2021-10-31,1023.1,0.0,15.9,73.0,2.3
304,2021-11-01,1020.5,0.0,15.6,78.0,1.9
305,2021-11-02,1017.5,0.0,14.9,73.0,2.5
306,2021-11-03,1015.8,0.5,13.3,76.0,2.6
307,2021-11-04,1016.9,0.0,13.5,70.0,2.3
308,2021-11-05,1019.6,1.0,13.6,71.0,2.7
309,2021-11-06,1020.9,0.0,13.1,69.0,2.8
310,2021-11-07,1022.4,0.0,13.5,73.0,2.9
311,2021-11-08,1015.8,0.0,16.8,59.0,3.4
312,2021-11-09,1007.7,35.0,14.1,87.0,2.3
313,2021-11-10,1004.0,8.5,10.8,82.0,4.3
314,2021-11-11,1007.4,11.5,10.9,82.0,4.6
315,2021-11-12,1012.6,14.0,9.8,78.0,4.0
316,2021-11-13,1018.4,0.0,10.8,75.0,2.6
317,2021-11-14,1018.2,0.0,12.3,64.0,3.3
318,2021-11-15,1019.2,0.5,12.8,75.0,2.7
319,2021-11-16,1021.7,7.5,12.0,77.0,2.2
320,2021-11-17,1021.9,0.0,11.1,72.0,2.5
321,2021-11-18,1018.4,0.0,13.3,60.0,3.6
322,2021-11-19,1017.6,0.0,13.8,60.0,3.3
323,2021-11-20,1020.7,2.0,13.2,79.0,2.9
324,2021-11-21,1019.8,0.0,12.0,79.0,1.8
325,2021-11-22,1007.4,24.5,13.8,82.0,3.2
326,2021-11-23,1009.3,12.5,7.9,81.0,4.1
327,2021-11-24,1012.7,20.5,7.5,80.0,4.8
328,2021-11-25,1014.2,20.5,9.7,79.0,4.2
329,2021-11-26,1018.7,17.0,9.0,85.0,3.1
330,2021-11-27,1027.9,10.0,5.4,86.0,2.9
331,2021-11-28,1033.4,0.0,6.3,74.0,2.3
332,2021-11-29,1028.7,0.0,7.3,64.0,2.7
333,2021-11-30,1015.6,0.0,13.5,48.0,5.9
334,2021-12-01,1006.9,33.0,8.7,83.0,5.6
335,2021-12-02,1017.5,2.0,5.6,78.0,2.9
336,2021-12-03,1014.1,5.0,8.5,67.0,3.9
337,2021-12-04,1018.5,16.0,5.9,88.0,3.2
338,2021-12-05,1030.1,0.0,4.7,81.0,1.9
339,2021-12-06,1027.5,2.5,5.8,95.0,1.4
340,2021-12-07,1021.7,8.5,9.8,97.0,1.2
341,2021-12-08,1024.0,56.0,11.0,84.0,4.5
342,2021-12-09,1028.6,4.0,10.3,83.0,2.3
343,2021-12-10,1024.5,0.0,9.3,79.0,2.0
344,2021-12-11,1023.5,0.5,10.3,78.0,2.6
345,2021-12-12,1015.8,11.0,11.8,72.0,3.7
346,2021-12-13,1021.8,2.5,4.6,85.0,2.3
347,2021-12-14,1021.1,0.0,5.3,71.0,2.8
348,2021-12-15,1020.5,2.0,8.3,71.0,3.1
349,2021-12-16,1017.4,1.5,10.9,69.0,3.5
350,2021-12-17,1005.1,35.0,7.1,87.0,4.4
351,2021-12-18,1018.4,6.0,0.1,87.0,2.4
352,2021-12-19,1015.3,27.5,1.4,90.0,3.0
353,2021-12-20,1017.6,7.0,5.2,81.0,3.0
354,2021-12-21,1014.0,2.5,9.1,69.0,3.2
355,2021-12-22,1020.9,2.5,5.7,78.0,2.5
356,2021-12-23,1023.1,,4.7,74.0,2.0
357,2021-12-24,1017.3,,10.0,62.0,3.1
358,2021-12-25,1014.4,23.0,3.5,91.0,4.3
359,2021-12-26,1018.6,15.0,-1.6,93.0,2.0
360,2021-12-27,1019.7,18.5,-0.5,95.0,2.6
361,2021-12-28,1025.9,2.0,1.2,85.0,2.2
362,2021-12-29,1018.5,1.5,4.0,71.0,4.7
363,2021-12-30,1011.4,38.0,3.1,92.0,3.2
364,2021-12-31,1017.5,20.0,-0.9,92.0,2.5
365,2022-01-01,1026.8,6.5,-0.8,88.0,2.2
366,2022-01-02,1022.5,8.5,1.2,74.0,3.8
367,2022-01-03,1020.1,3.0,3.3,87.0,2.3
368,2022-01-04,1020.4,8.5,2.3,89.0,2.7
369,2022-01-05,1027.3,,0.7,83.0,2.1
370,2022-01-06,1023.0,0.5,2.0,71.0,2.3
371,2022-01-07,1027.1,0.0,2.0,82.0,2.4
372,2022-01-08,1022.7,0.0,4.5,61.0,3.4
373,2022-01-09,1019.9,6.0,5.2,82.0,2.6
374,2022-01-10,1019.6,0.5,4.7,82.0,2.2
375,2022-01-11,1006.0,26.0,4.2,88.0,3.2
376,2022-01-12,1011.8,11.0,0.4,90.0,2.7
377,2022-01-13,1007.1,35.5,0.4,96.0,2.8
378,2022-01-14,1016.5,16.5,0.2,93.0,2.2
379,2022-01-15,1022.4,0.0,1.6,87.0,2.3
380,2022-01-16,1018.4,10.5,2.9,78.0,3.5
381,2022-01-17,1016.7,18.0,2.0,94.0,2.6
382,2022-01-18,1019.5,11.5,-0.4,94.0,2.3
383,2022-01-19,1019.6,1.0,0.5,90.0,1.8
384,2022-01-20,1017.8,10.5,0.8,90.0,2.9
385,2022-01-21,1027.0,0.5,-0.7,87.0,2.4
386,2022-01-22,1028.0,0.0,0.9,72.0,2.5
387,2022-01-23,1021.5,0.0,1.6,77.0,2.2
388,2022-01-24,1019.6,2.5,3.3,82.0,2.4
389,2022-01-25,1020.6,0.0,3.4,70.0,1.8
390,2022-01-26,1018.6,2.0,4.9,79.0,2.6
391,2022-01-27,1021.4,1.0,3.6,78.0,2.1
392,2022-01-28,1019.1,3.5,1.4,88.0,1.8
393,2022-01-29,1014.8,7.5,2.2,91.0,1.9
394,2022-01-30,1017.4,11.5,1.4,91.0,2.1
395,2022-01-31,1019.9,0.0,2.3,76.0,2.2
396,2022-02-01,1018.3,5.5,2.9,80.0,3.3
397,2022-02-02,1021.3,5.5,2.6,88.0,2.7
398,2022-02-03,1019.5,15.5,3.1,88.0,2.8
399,2022-02-04,1015.8,5.5,2.2,90.0,2.8
400,2022-02-05,1014.0,18.5,-0.4,94.0,2.4
401,2022-02-06,1018.8,16.0,-0.5,95.0,2.0
402,2022-02-07,1024.7,0.5,0.9,81.0,2.2
403,2022-02-08,1024.4,13.5,2.0,83.0,1.9
404,2022-02-09,1025.0,0.0,3.1,79.0,2.2
405,2022-02-10,1020.0,9.5,1.1,93.0,1.5
406,2022-02-11,1023.2,0.5,2.8,86.0,1.7
407,2022-02-12,1024.4,0.0,3.8,67.0,2.7
408,2022-02-13,1022.5,0.0,4.3,74.0,3.4
409,2022-02-14,1019.0,0.0,4.7,66.0,5.1
410,2022-02-15,1012.3,12.0,3.9,82.0,3.4
411,2022-02-16,1011.2,29.0,0.9,93.0,3.7
412,2022-02-17,1015.2,20.5,-0.4,93.0,3.0
413,2022-02-18,1027.2,2.0,1.6,91.0,2.4
414,2022-02-19,1020.6,6.5,1.7,82.0,1.9
415,2022-02-20,1011.7,9.5,1.8,90.0,3.3
416,2022-02-21,1021.3,12.0,-0.6,92.0,2.2
417,2022-02-22,1022.2,19.5,0.0,92.0,2.0
418,2022-02-23,1025.9,8.5,-0.5,94.0,1.9
419,2022-02-24,1025.2,0.0,0.7,75.0,2.4
420,2022-02-25,1023.8,0.0,3.0,67.0,2.8
421,2022-02-26,1019.5,0.0,6.3,58.0,3.6
422,2022-02-27,1016.2,8.5,5.6,71.0,4.0
423,2022-02-28,1021.7,0.0,6.8,65.0,2.9
424,2022-03-01,1013.6,3.5,6.9,67.0,3.4
425,2022-03-02,1013.1,1.5,7.1,76.0,2.2
426,2022-03-03,1015.5,1.5,5.0,78.0,3.0
427,2022-03-04,1017.4,0.0,5.0,62.0,2.4
428,2022-03-05,1007.8,3.5,8.0,56.0,5.7
429,2022-03-06,1013.6,7.0,2.1,87.0,3.3
430,2022-03-07,1019.8,0.5,3.9,74.0,2.3
431,2022-03-08,1019.6,0.0,3.9,72.0,2.2
432,2022-03-09,1021.5,0.0,5.8,59.0,2.3
433,2022-03-10,1022.7,0.0,7.0,64.0,2.2
434,2022-03-11,1018.5,0.0,11.5,43.0,4.5
435,2022-03-12,1018.7,0.0,10.8,63.0,2.7
436,2022-03-13,1014.5,0.0,14.8,54.0,4.2
437,2022-03-14,1012.2,6.0,10.9,90.0,2.5
438,2022-03-15,1012.0,5.0,12.2,71.0,4.8
439,2022-03-16,1015.3,0.0,10.4,72.0,2.5
440,2022-03-17,1021.8,0.0,8.2,74.0,4.0
441,2022-03-18,1010.7,33.0,6.3,92.0,2.7
442,2022-03-19,1004.1,20.0,6.4,91.0,2.3
443,2022-03-20,1016.8,0.0,6.2,73.0,2.0
444,2022-03-21,1023.2,0.0,6.3,75.0,3.0
445,2022-03-22,1021.2,2.5,5.4,81.0,2.3
446,2022-03-23,1017.9,2.0,5.0,76.0,1.7
447,2022-03-24,1019.5,0.5,8.9,71.0,3.0
448,2022-03-25,1024.3,0.0,10.5,62.0,3.2
449,2022-03-26,1006.0,2.0,17.0,56.0,10.9
450,2022-03-27,1010.7,0.0,11.8,75.0,3.3
451,2022-03-28,1024.6,2.0,9.4,56.0,3.3
452,2022-03-29,1027.1,0.0,8.4,67.0,1.6
453,2022-03-30,1022.0,0.0,16.3,54.0,3.3
454,2022-03-31,1020.8,12.5,9.7,86.0,3.4
455,2022-04-01,1027.2,0.0,7.3,52.0,2.8
456,2022-04-02,1028.3,0.0,6.7,63.0,2.9
457,2022-04-03,1028.2,0.0,8.3,73.0,2.4
458,2022-04-04,1026.1,0.0,10.7,79.0,2.2
459,2022-04-05,1021.9,0.0,12.1,77.0,1.6
460,2022-04-06,1019.6,0.0,13.3,66.0,3.6
461,2022-04-07,1016.0,2.0,12.5,73.0,2.8
462,2022-04-08,1020.3,0.0,10.4,66.0,2.6
463,2022-04-09,1017.0,0.0,17.6,40.0,4.8
464,2022-04-10,1018.6,0.0,19.6,42.0,3.5
465,2022-04-11,1016.8,0.0,19.1,48.0,3.3
466,2022-04-12,1012.9,0.0,20.6,51.0,3.3
467,2022-04-13,1014.1,0.0,16.4,80.0,2.9
468,2022-04-14,1016.6,19.5,11.5,96.0,3.4
469,2022-04-15,1012.2,18.0,11.2,98.0,2.7
470,2022-04-16,1014.1,11.0,9.7,79.0,3.7
471,2022-04-17,1018.6,0.0,10.1,61.0,2.1
472,2022-04-18,1017.0,0.0,12.6,69.0,1.6
473,2022-04-19,1017.9,0.0,11.9,75.0,2.9
474,2022-04-20,1018.0,0.0,14.7,56.0,2.3
475,2022-04-21,1015.9,6.5,18.4,56.0,4.2
476,2022-04-22,1011.6,3.0,16.8,77.0,3.5
477,2022-04-23,1013.5,0.0,15.8,68.0,3.3
478,2022-04-24,1012.5,0.0,14.9,76.0,1.5
479,2022-04-25,1013.9,0.0,19.0,71.0,2.0
480,2022-04-26,1006.3,20.5,21.1,77.0,4.2
481,2022-04-27,1013.2,25.0,15.5,77.0,3.9
482,2022-04-28,1019.2,0.0,12.8,72.0,3.3
483,2022-04-29,1011.4,46.0,10.7,88.0,5.7
484,2022-04-30,1016.6,0.0,11.5,70.0,4.0
485,2022-05-01,1011.9,14.5,10.2,93.0,1.8
486,2022-05-02,1012.1,0.5,11.8,71.0,3.1
487,2022-05-03,1018.9,0.0,12.6,65.0,2.7
488,2022-05-04,1019.9,0.0,18.6,37.0,3.8
489,2022-05-05,1021.7,0.0,18.6,54.0,2.4
490,2022-05-06,1019.1,0.0,19.2,56.0,2.9
491,2022-05-07,1015.6,0.0,19.2,66.0,3.4
492,2022-05-08,1020.0,0.0,14.0,55.0,3.7
493,2022-05-09,1019.1,0.5,12.7,71.0,1.9
494,2022-05-10,1019.7,0.0,13.8,70.0,2.6
495,2022-05-11,1017.6,0.0,17.0,72.0,1.7
496,2022-05-12,1014.2,0.5,19.0,73.0,2.0
497,2022-05-13,1007.3,18.5,17.8,93.0,1.7
498,2022-05-14,1007.9,15.0,16.6,86.0,3.1
499,2022-05-15,1012.6,0.0,14.6,67.0,1.7
500,2022-05-16,1012.5,0.0,15.5,67.0,2.0
501,2022-05-17,1015.6,0.0,16.5,68.0,1.5
502,2022-05-18,1018.9,0.0,19.6,47.0,2.7
503,2022-05-19,1017.2,0.0,22.1,39.0,4.8
504,2022-05-20,1015.0,0.0,21.9,43.0,2.9
505,2022-05-21,1010.0,0.0,19.3,67.0,1.7
506,2022-05-22,1006.1,9.5,19.8,71.0,2.5
507,2022-05-23,1012.6,0.0,19.2,71.0,2.7
508,2022-05-24,1015.7,0.0,18.5,71.0,2.2
509,2022-05-25,1011.3,0.0,22.3,64.0,2.5
510,2022-05-26,1006.0,2.0,24.1,55.0,4.9
511,2022-05-27,1000.9,48.5,20.4,74.0,3.3
512,2022-05-28,1004.9,0.0,21.8,52.0,3.4
513,2022-05-29,1007.1,0.0,23.6,48.0,3.4
514,2022-05-30,1003.5,0.0,21.4,66.0,2.3
515,2022-05-31,1004.9,1.5,20.4,68.0,4.2
516,2022-06-01,1008.9,0.0,18.8,61.0,2.1
517,2022-06-02,1007.3,0.0,22.9,57.0,3.9
518,2022-06-03,1010.4,0.5,20.1,76.0,3.2
519,2022-06-04,1014.3,0.0,18.2,73.0,4.1
520,2022-06-05,1010.2,0.0,18.4,76.0,2.8
521,2022-06-06,996.5,30.5,18.1,91.0,2.3
522,2022-06-07,1002.8,1.0,18.0,81.0,3.8
523,2022-06-08,1011.9,0.5,17.5,84.0,1.7
524,2022-06-09,1015.0,0.0,18.9,77.0,2.6
525,2022-06-10,1015.6,1.0,20.7,80.0,2.0
526,2022-06-11,1014.1,11.5,19.7,90.0,2.9
527,2022-06-12,1012.4,0.0,18.7,77.0,4.3
528,2022-06-13,1013.9,0.0,18.3,75.0,3.7
529,2022-06-14,1012.2,0.5,19.1,83.0,1.4
530,2022-06-15,1009.4,12.0,20.0,89.0,2.3
531,2022-06-16,1009.0,0.0,23.3,76.0,2.7
532,2022-06-17,1009.6,0.0,25.2,65.0,3.4
533,2022-06-18,1008.9,0.0,24.1,68.0,2.0
534,2022-06-19,1008.0,0.0,26.4,66.0,2.9
535,2022-06-20,1006.4,0.0,25.7,74.0,2.3
536,2022-06-21,1006.9,0.0,23.7,87.0,2.3
537,2022-06-22,1008.2,0.0,24.7,84.0,1.8
538,2022-06-23,1008.4,0.0,28.2,69.0,2.8
539,2022-06-24,1001.6,12.5,29.7,61.0,6.5
540,2022-06-25,1007.3,7.5,28.3,68.0,4.1
541,2022-06-26,1012.7,0.0,29.6,58.0,3.6
542,2022-06-27,1014.1,0.0,29.9,61.0,3.4
543,2022-06-28,1010.7,0.0,30.8,57.0,3.0
544,2022-06-29,1010.4,0.0,31.1,54.0,3.5
545,2022-06-30,1013.9,0.0,30.3,58.0,2.7
546,2022-07-01,1016.1,0.0,29.1,64.0,2.5
547,2022-07-02,1014.7,0.0,27.6,77.0,2.4
548,2022-07-03,1011.6,7.0,26.9,80.0,1.9
549,2022-07-04,1009.9,59.0,25.6,82.0,3.1
550,2022-07-05,1007.1,0.0,27.8,72.0,2.7
551,2022-07-06,1008.0,0.0,26.3,85.0,2.6
552,2022-07-07,1010.0,0.0,26.1,79.0,2.6
553,2022-07-08,1006.2,0.0,26.7,77.0,2.0
554,2022-07-09,1002.3,5.5,26.4,78.0,2.3
555,2022-07-10,1005.6,6.0,26.0,88.0,1.9
556,2022-07-11,1007.3,0.0,27.5,81.0,1.8
557,2022-07-12,1006.2,45.5,25.7,90.0,2.1
558,2022-07-13,1005.2,0.0,26.4,81.0,2.3
559,2022-07-14,1002.1,4.0,26.1,80.0,2.3
560,2022-07-15,1000.2,17.0,25.4,78.0,3.0
561,2022-07-16,1000.3,14.5,25.5,77.0,2.3
562,2022-07-17,1000.5,2.0,25.8,79.0,2.4
563,2022-07-18,1003.9,0.0,27.2,73.0,2.7
564,2022-07-19,1001.3,49.5,25.8,88.0,2.5
565,2022-07-20,1006.5,0.0,26.8,78.0,2.5
566,2022-07-21,1005.4,14.5,25.1,84.0,2.1
567,2022-07-22,1000.2,7.0,25.6,82.0,3.1
568,2022-07-23,1005.6,42.5,23.6,89.0,3.0
569,2022-07-24,1007.6,0.0,25.5,81.0,1.9
570,2022-07-25,1009.4,0.0,28.0,75.0,1.8
571,2022-07-26,1010.5,2.5,28.0,82.0,2.4
572,2022-07-27,1011.8,1.0,27.3,87.0,1.9
573,2022-07-28,1013.8,0.0,28.0,85.0,2.2
574,2022-07-29,1015.3,0.0,29.1,77.0,2.6
575,2022-07-30,1014.2,0.0,29.8,71.0,2.6
576,2022-07-31,1013.4,0.0,30.2,68.0,3.0
577,2022-08-01,1012.5,0.0,31.0,65.0,3.2
578,2022-08-02,1013.2,0.0,30.8,65.0,2.6
579,2022-08-03,1011.0,0.0,29.5,70.0,3.5
580,2022-08-04,1008.5,38.5,24.7,93.0,2.4
581,2022-08-05,1006.5,0.0,27.6,79.0,1.9
582,2022-08-06,1007.6,2.5,28.2,79.0,2.5
583,2022-08-07,1009.6,0.0,29.6,72.0,2.4
584,2022-08-08,1010.0,0.0,31.4,65.0,3.5
585,2022-08-09,1009.6,0.0,31.2,64.0,3.7
586,2022-08-10,1009.3,0.0,30.6,67.0,2.7
587,2022-08-11,1008.1,0.0,31.5,63.0,3.1
588,2022-08-12,1006.9,0.5,30.8,63.0,3.9
589,2022-08-13,1006.7,30.5,28.5,81.0,2.6
590,2022-08-14,1007.4,7.0,26.5,85.0,2.7
591,2022-08-15,1006.2,10.5,28.5,78.0,2.9
592,2022-08-16,1005.2,39.0,27.9,77.0,3.6
593,2022-08-17,1008.8,10.0,23.8,93.0,1.7
594,2022-08-18,1005.9,22.0,25.6,83.0,3.3
595,2022-08-19,1005.9,0.0,26.3,71.0,2.4
596,2022-08-20,1002.8,135.5,24.6,87.0,2.9
597,2022-08-21,1005.2,3.5,24.9,90.0,2.9
598,2022-08-22,1005.2,0.0,27.5,80.0,1.8
599,2022-08-23,1005.3,0.0,29.5,72.0,2.6
600,2022-08-24,1008.1,4.0,24.6,81.0,3.3
601,2022-08-25,1006.1,8.5,23.9,92.0,1.6
602,2022-08-26,1006.2,1.0,24.5,91.0,1.7
603,2022-08-27,1007.1,0.0,25.3,84.0,1.6
604,2022-08-28,1014.0,2.0,22.5,78.0,3.3
605,2022-08-29,1016.5,0.0,23.3,74.0,1.9
606,2022-08-30,1012.9,4.0,25.4,80.0,1.9
607,2022-08-31,1007.1,8.5,28.3,76.0,3.1
608,2022-09-01,1011.0,57.5,24.8,94.0,2.4
609,2022-09-02,1016.0,5.0,24.0,88.0,3.8
610,2022-09-03,1016.1,11.0,23.6,92.0,1.6
611,2022-09-04,1014.6,0.0,25.7,85.0,2.0
612,2022-09-05,1011.8,0.0,28.8,68.0,3.4
613,2022-09-06,1006.3,0.0,29.9,59.0,7.2
614,2022-09-07,1014.9,1.5,23.6,85.0,1.9
615,2022-09-08,1015.4,7.5,24.4,83.0,3.0
616,2022-09-09,1015.7,18.0,24.0,90.0,3.5
617,2022-09-10,1016.0,0.0,25.1,85.0,3.2
618,2022-09-11,1014.3,0.0,26.5,80.0,2.0
619,2022-09-12,1013.9,0.0,27.1,81.0,1.9
620,2022-09-13,1015.5,0.0,26.8,85.0,2.9
621,2022-09-14,1016.0,0.0,25.9,80.0,4.7
622,2022-09-15,1013.8,0.0,25.3,81.0,1.9
623,2022-09-16,1012.0,0.0,26.5,80.0,2.3
624,2022-09-17,1011.3,0.0,26.4,76.0,2.3
625,2022-09-18,1007.0,0.0,27.3,79.0,1.7
626,2022-09-19,994.8,0.0,29.2,64.0,3.5
627,2022-09-20,1005.9,77.5,19.1,84.0,5.0
628,2022-09-21,1016.5,7.5,18.1,81.0,3.2
629,2022-09-22,1016.7,11.5,18.8,89.0,1.3
630,2022-09-23,1011.5,19.5,21.4,97.0,1.3
631,2022-09-24,1013.3,10.5,21.4,88.0,1.8
632,2022-09-25,1016.0,0.0,20.7,76.0,2.4
633,2022-09-26,1016.2,0.0,22.5,80.0,2.1
634,2022-09-27,1015.0,12.5,20.9,89.0,2.2
635,2022-09-28,1012.1,6.0,19.6,89.0,1.7
636,2022-09-29,1014.0,0.0,19.9,75.0,2.3
637,2022-09-30,1016.1,0.0,20.2,77.0,2.1
638,2022-10-01,1017.7,0.0,21.9,76.0,2.1
639,2022-10-02,1020.6,0.0,21.9,75.0,2.1
640,2022-10-03,1018.9,0.0,25.2,54.0,4.3
641,2022-10-04,1011.6,24.5,25.5,58.0,6.2
642,2022-10-05,1018.3,15.5,16.4,88.0,3.1
643,2022-10-06,1020.0,0.0,15.1,77.0,2.1
644,2022-10-07,1014.5,18.5,14.4,93.0,1.5
645,2022-10-08,1021.9,3.5,16.2,84.0,3.0
646,2022-10-09,1020.7,6.0,15.8,88.0,1.5
647,2022-10-10,1009.5,22.5,17.3,90.0,2.9
648,2022-10-11,1016.8,0.0,17.5,67.0,3.7
649,2022-10-12,1025.4,0.0,16.7,79.0,2.4
650,2022-10-13,1023.8,0.0,16.8,80.0,2.2
651,2022-10-14,1019.2,0.0,18.1,82.0,2.1
652,2022-10-15,1018.6,0.0,19.1,84.0,2.5
653,2022-10-16,1017.3,0.0,19.6,83.0,1.8
654,2022-10-17,1012.0,3.0,18.7,89.0,1.9
655,2022-10-18,1016.8,13.5,13.7,92.0,2.1
656,2022-10-19,1022.9,0.0,12.8,74.0,2.5
657,2022-10-20,1027.1,0.0,13.3,66.0,2.4
658,2022-10-21,1025.2,0.0,15.9,66.0,2.4
659,2022-10-22,1018.5,0.0,18.8,64.0,3.4
660,2022-10-23,1014.1,17.0,16.7,81.0,3.4
661,2022-10-24,1015.3,6.5,13.1,77.0,3.1
662,2022-10-25,1021.2,0.0,11.9,69.0,3.8
663,2022-10-26,1026.6,0.0,12.3,68.0,2.8
664,2022-10-27,1025.4,0.0,12.9,68.0,2.5
665,2022-10-28,1024.6,0.0,14.7,69.0,2.4
666,2022-10-29,1025.0,0.0,14.4,69.0,1.9
667,2022-10-30,1024.3,0.0,14.1,68.0,2.5
668,2022-10-31,1024.2,0.0,14.1,68.0,2.4
669,2022-11-01,1020.4,2.5,14.2,87.0,1.5
670,2022-11-02,1018.9,0.0,16.6,81.0,1.9
671,2022-11-03,1014.8,0.0,17.0,70.0,3.4
672,2022-11-04,1016.5,16.5,10.9,89.0,2.7
673,2022-11-05,1020.8,0.0,10.0,83.0,1.8
674,2022-11-06,1023.7,0.0,11.2,69.0,2.6
675,2022-11-07,1021.9,0.0,12.7,64.0,2.6
676,2022-11-08,1022.9,9.0,11.6,81.0,2.8
677,2022-11-09,1026.2,0.0,12.1,67.0,2.8
678,2022-11-10,1024.5,0.0,13.7,65.0,2.8
679,2022-11-11,1026.6,0.0,14.3,74.0,2.6
680,2022-11-12,1022.0,0.0,15.7,65.0,2.5
681,2022-11-13,1011.1,23.5,18.1,70.0,5.7
682,2022-11-14,1015.0,8.0,12.2,79.0,2.5
683,2022-11-15,1012.1,4.5,12.7,72.0,2.7
684,2022-11-16,1017.5,12.5,10.8,77.0,2.8
685,2022-11-17,1023.5,0.0,11.1,78.0,1.9
686,2022-11-18,1025.7,0.0,12.2,65.0,3.1
687,2022-11-19,1024.3,0.0,11.9,76.0,2.8
688,2022-11-20,1020.4,9.5,11.5,89.0,2.0
689,2022-11-21,1018.8,6.5,14.2,85.0,1.6
690,2022-11-22,1021.8,1.0,13.2,81.0,2.5
691,2022-11-23,1013.8,38.5,10.9,95.0,1.6
692,2022-11-24,1016.4,4.0,13.3,84.0,2.6
693,2022-11-25,1020.3,0.0,11.8,77.0,2.1
694,2022-11-26,1013.8,7.0,16.5,65.0,3.9
695,2022-11-27,1021.6,0.0,11.3,73.0,2.3
696,2022-11-28,1022.6,0.0,11.3,79.0,1.7
697,2022-11-29,1010.1,27.5,19.6,67.0,6.5
698,2022-11-30,1016.9,28.5,11.2,91.0,2.8
699,2022-12-01,1021.7,7.0,7.0,87.0,2.7
700,2022-12-02,1025.4,8.0,5.0,89.0,2.3
701,2022-12-03,1024.2,0.0,8.1,65.0,3.5
702,2022-12-04,1022.5,23.5,8.2,80.0,2.6
703,2022-12-05,1020.7,0.5,7.4,83.0,2.3
704,2022-12-06,1016.3,13.0,7.1,86.0,3.6
705,2022-12-07,1019.1,19.0,7.0,83.0,3.6
706,2022-12-08,1022.0,10.5,7.3,89.0,2.3
707,2022-12-09,1021.5,0.0,8.9,75.0,2.5
708,2022-12-10,1017.2,0.0,10.7,67.0,2.6
709,2022-12-11,1016.5,25.5,7.5,87.0,3.7
710,2022-12-12,1020.1,2.0,6.6,80.0,2.1
711,2022-12-13,1012.5,10.5,9.7,74.0,4.3
712,2022-12-14,1014.8,31.0,3.9,88.0,4.8
713,2022-12-15,1019.4,14.0,3.2,90.0,3.3
714,2022-12-16,1022.7,20.5,4.3,91.0,2.6
715,2022-12-17,1016.8,14.0,5.3,80.0,3.1
716,2022-12-18,1011.7,17.0,1.1,88.0,4.2
717,2022-12-19,1018.0,19.5,0.9,91.0,3.6
718,2022-12-20,1024.1,7.0,2.5,91.0,2.4
719,2022-12-21,1015.6,0.0,4.8,70.0,3.1
720,2022-12-22,998.4,44.0,5.7,87.0,4.0
721,2022-12-23,997.6,14.5,0.2,81.0,5.9
722,2022-12-24,1004.2,15.0,1.8,94.0,3.4
723,2022-12-25,1012.5,7.5,2.5,93.0,2.3
724,2022-12-26,1019.1,12.0,1.8,95.0,2.2
725,2022-12-27,1024.8,0.0,3.3,90.0,2.0
726,2022-12-28,1023.3,2.5,4.8,74.0,3.5
727,2022-12-29,1024.4,13.5,4.9,85.0,3.0
728,2022-12-30,1027.0,1.0,3.6,91.0,1.9
729,2022-12-31,1024.9,5.0,4.3,89.0,1.7
730,2023-01-01,1022.8,16.5,5.5,87.0,2.8
731,2023-01-02,1024.5,6.0,3.4,83.0,2.1
732,2023-01-03,1022.5,1.5,3.1,85.0,2.2
733,2023-01-04,1023.4,2.5,2.2,91.0,2.3
734,2023-01-05,1026.7,0.0,2.8,81.0,2.2
735,2023-01-06,1022.0,0.0,4.4,81.0,1.9
736,2023-01-07,1014.2,0.0,5.7,74.0,2.6
737,2023-01-08,1021.3,0.0,5.9,82.0,1.9
738,2023-01-09,1019.8,14.5,6.5,77.0,3.0
739,2023-01-10,1026.1,2.0,2.5,84.0,2.7
740,2023-01-11,1026.6,0.0,3.2,69.0,3.2
741,2023-01-12,1025.1,0.0,6.5,55.0,3.4
742,2023-01-13,1018.3,2.0,11.0,51.0,5.6
743,2023-01-14,1009.7,7.0,12.2,80.0,4.6
744,2023-01-15,1012.7,14.0,7.5,95.0,2.7
745,2023-01-16,1016.3,10.0,4.3,90.0,3.6
746,2023-01-17,1023.3,0.0,2.8,78.0,2.0
747,2023-01-18,1020.8,6.0,3.9,88.0,2.5
748,2023-01-19,1021.3,0.0,4.5,81.0,2.4
749,2023-01-20,1018.6,4.5,5.5,71.0,4.0
750,2023-01-21,1027.0,0.0,1.5,77.0,2.1
751,2023-01-22,1025.7,0.0,3.6,63.0,2.8
752,2023-01-23,1018.5,0.0,5.7,75.0,2.7
753,2023-01-24,1008.3,33.0,0.1,85.0,4.9
754,2023-01-25,1020.9,6.5,-4.1,89.0,2.3
755,2023-01-26,1020.2,12.0,-0.4,89.0,3.0
756,2023-01-27,1010.3,21.0,0.9,93.0,3.6
757,2023-01-28,1013.3,4.0,-0.3,80.0,2.5
758,2023-01-29,1015.6,7.0,0.6,86.0,2.4
759,2023-01-30,1016.1,13.0,0.9,90.0,2.7
760,2023-01-31,1020.5,0.0,1.4,72.0,2.2
761,2023-02-01,1014.0,2.5,4.2,68.0,5.3
762,2023-02-02,1023.2,1.0,2.0,79.0,2.0
763,2023-02-03,1021.6,0.0,1.5,78.0,2.2
764,2023-02-04,1018.9,6.0,2.8,80.0,2.4
765,2023-02-05,1024.0,3.5,3.3,82.0,2.1
766,2023-02-06,1022.4,0.0,5.6,67.0,3.2
767,2023-02-07,1019.4,0.0,6.7,75.0,2.2
768,2023-02-08,1021.0,3.5,5.1,87.0,1.8
769,2023-02-09,1030.3,0.0,3.4,66.0,3.0
770,2023-02-10,1020.2,15.0,2.0,85.0,1.2
771,2023-02-11,1022.1,0.0,5.5,85.0,2.0
772,2023-02-12,1022.0,0.0,6.4,79.0,1.8
773,2023-02-13,1013.5,12.5,5.6,88.0,3.0
774,2023-02-14,1017.7,1.5,1.7,80.0,2.7
775,2023-02-15,1026.1,2.0,-0.3,81.0,2.2
776,2023-02-16,1030.8,0.0,1.5,69.0,1.9
777,2023-02-17,1027.9,0.0,4.7,61.0,3.4
778,2023-02-18,1022.3,5.0,6.7,69.0,2.3
779,2023-02-19,1010.4,42.0,8.9,91.0,3.4
780,2023-02-20,1017.5,7.0,3.8,81.0,3.1
781,2023-02-21,1028.9,1.5,0.7,80.0,2.5
782,2023-02-22,1031.2,0.0,2.5,67.0,2.2
783,2023-02-23,1021.9,0.0,5.9,71.0,2.3
784,2023-02-24,1018.6,1.0,7.5,74.0,2.4
785,2023-02-25,1026.7,8.5,2.8,77.0,2.4
786,2023-02-26,1033.0,1.5,1.9,85.0,2.3
787,2023-02-27,1034.2,0.0,4.6,68.0,2.1
788,2023-02-28,1026.6,0.0,10.3,47.0,4.4
789,2023-03-01,1019.0,0.0,12.2,55.0,4.6
790,2023-03-02,1018.6,9.0,4.9,87.0,3.4
791,2023-03-03,1026.2,0.0,5.8,64.0,2.9
792,2023-03-04,1028.3,0.0,7.3,63.0,3.7
793,2023-03-05,1027.6,0.0,6.1,71.0,2.2
794,2023-03-06,1024.0,0.0,7.4,72.0,2.0
795,2023-03-07,1022.6,0.0,10.4,53.0,3.4
796,2023-03-08,1021.4,0.0,14.2,36.0,4.3
797,2023-03-09,1018.6,0.0,13.9,49.0,2.8
798,2023-03-10,1021.3,16.5,12.9,77.0,3.5
799,2023-03-11,1025.7,0.0,10.0,79.0,1.9
800,2023-03-12,1019.5,0.0,16.3,55.0,4.5
801,2023-03-13,1017.5,13.0,8.4,76.0,4.8
802,2023-03-14,1023.6,0.0,7.4,64.0,2.1
803,2023-03-15,1024.6,0.0,11.3,54.0,2.4
804,2023-03-16,1024.4,8.0,13.1,64.0,4.9
805,2023-03-17,1024.6,0.0,7.9,76.0,2.6
806,2023-03-18,1016.8,14.5,6.6,89.0,1.6
807,2023-03-19,1020.0,0.0,7.5,67.0,2.1
808,2023-03-20,1018.9,0.0,10.1,58.0,2.1
809,2023-03-21,1015.8,0.0,15.0,50.0,3.3
810,2023-03-22,1015.3,0.0,14.5,74.0,1.7
811,2023-03-23,1007.0,9.5,13.7,85.0,1.9
812,2023-03-24,1012.7,11.5,12.5,92.0,4.0
813,2023-03-25,1018.2,0.0,10.4,80.0,3.2
814,2023-03-26,1014.5,36.0,8.8,95.0,2.0
815,2023-03-27,1020.2,6.0,9.2,75.0,2.9
816,2023-03-28,1024.4,0.0,8.2,73.0,3.0
817,2023-03-29,1023.8,0.0,8.7,62.0,2.5
818,2023-03-30,1020.6,0.0,10.4,59.0,2.0
819,2023-03-31,1018.0,0.0,15.4,44.0,3.3
820,2023-04-01,1018.8,0.0,11.3,70.0,3.0
821,2023-04-02,1019.7,0.0,10.1,75.0,4.2
822,2023-04-03,1023.7,0.0,11.6,77.0,3.2
823,2023-04-04,1024.6,0.0,11.7,73.0,1.9
824,2023-04-05,1020.9,0.0,16.1,57.0,2.8
825,2023-04-06,1012.4,1.0,19.3,57.0,8.2
826,2023-04-07,1008.4,31.5,15.0,89.0,2.6
827,2023-04-08,1012.0,4.0,9.8,71.0,4.1
828,2023-04-09,1019.8,0.0,9.8,56.0,2.4
829,2023-04-10,1018.2,0.0,14.8,41.0,3.9
830,2023-04-11,1014.6,0.0,19.5,45.0,4.8
831,2023-04-12,1013.9,15.5,13.8,67.0,4.3
832,2023-04-13,1018.1,0.0,14.3,43.0,3.2
833,2023-04-14,1016.2,0.0,18.5,34.0,3.9
834,2023-04-15,1003.7,8.0,14.0,84.0,2.0
835,2023-04-16,1001.8,2.5,13.8,77.0,4.4
836,2023-04-17,1015.8,0.0,11.1,72.0,2.2
837,2023-04-18,1016.9,9.5,10.0,81.0,2.3
838,2023-04-19,1012.8,0.0,13.7,89.0,2.1
839,2023-04-20,1009.4,0.0,19.5,70.0,3.2
840,2023-04-21,1011.5,0.0,14.2,69.0,3.5
841,2023-04-22,1019.7,0.0,11.2,49.0,3.3
842,2023-04-23,1024.6,0.0,10.9,55.0,2.9
843,2023-04-24,1026.3,0.0,10.2,51.0,2.8
844,2023-04-25,1018.6,5.0,10.7,60.0,3.1
845,2023-04-26,1008.8,21.5,13.0,83.0,3.7
846,2023-04-27,1020.9,2.0,13.3,73.0,2.4
847,2023-04-28,1020.3,0.0,16.5,62.0,2.1
848,2023-04-29,1011.1,0.5,20.3,51.0,6.6
849,2023-04-30,1007.8,11.0,16.3,71.0,5.2
850,2023-05-01,1014.4,0.0,15.1,56.0,4.6
851,2023-05-02,1024.9,0.0,14.5,57.0,2.2
852,2023-05-03,1024.3,0.0,16.9,50.0,2.0
853,2023-05-04,1019.7,0.0,19.1,58.0,2.6
854,2023-05-05,1012.4,0.0,21.0,54.0,3.9
855,2023-05-06,1006.1,16.0,22.3,61.0,7.1
856,2023-05-07,1007.2,101.0,13.9,98.0,4.7
857,2023-05-08,1011.6,43.0,12.4,84.0,3.6
858,2023-05-09,1016.1,0.0,13.4,67.0,2.2
859,2023-05-10,1016.8,0.0,16.0,66.0,2.9
860,2023-05-11,1021.2,0.0,14.0,63.0,3.6
861,2023-05-12,1020.8,0.0,13.7,62.0,2.6
862,2023-05-13,1017.6,3.0,16.3,76.0,2.2
863,2023-05-14,1011.8,2.0,16.9,81.0,2.6
864,2023-05-15,1010.7,5.0,17.4,85.0,1.7
865,2023-05-16,1013.0,0.0,19.9,59.0,2.3
866,2023-05-17,1014.8,0.0,23.9,48.0,3.9
867,2023-05-18,1013.7,0.0,23.0,55.0,2.5
868,2023-05-19,1009.8,6.5,18.5,85.0,2.3
869,2023-05-20,1009.3,0.0,18.0,88.0,2.3
870,2023-05-21,1008.0,0.0,22.0,67.0,3.5
871,2023-05-22,1007.6,1.5,18.3,83.0,2.4
872,2023-05-23,1006.5,4.0,15.8,80.0,2.5
873,2023-05-24,1015.2,0.0,15.9,63.0,3.0
874,2023-05-25,1020.6,0.0,17.2,66.0,2.2
875,2023-05-26,1021.8,0.0,21.0,55.0,3.6
876,2023-05-27,1021.4,0.0,22.2,63.0,2.5
877,2023-05-28,1016.6,0.5,22.5,67.0,2.1
878,2023-05-29,1010.8,76.5,19.5,96.0,2.1
879,2023-05-30,1011.3,1.0,19.6,83.0,2.9
880,2023-05-31,1012.7,0.0,18.3,70.0,3.7
881,2023-06-01,1010.2,7.5,20.1,67.0,2.5
882,2023-06-02,1001.0,81.5,20.0,97.0,2.3
883,2023-06-03,1004.7,0.0,19.6,73.0,3.3
884,2023-06-04,1009.2,0.0,21.4,58.0,3.6
885,2023-06-05,1010.2,0.0,23.0,48.0,2.7
886,2023-06-06,1007.9,0.0,22.3,56.0,2.8
887,2023-06-07,1009.7,0.0,22.0,69.0,2.1
888,2023-06-08,1009.6,10.0,20.4,82.0,1.7
889,2023-06-09,1005.0,23.5,21.2,83.0,3.0
890,2023-06-10,1010.9,0.0,22.0,81.0,2.1
891,2023-06-11,1010.2,4.5,20.8,92.0,1.5
892,2023-06-12,1007.3,0.0,21.5,89.0,1.4
893,2023-06-13,1005.1,0.0,23.7,82.0,1.9
894,2023-06-14,1006.4,4.5,22.2,94.0,1.5
895,2023-06-15,1007.7,9.5,21.6,90.0,2.4
896,2023-06-16,1011.9,32.0,19.9,89.0,2.2
897,2023-06-17,1013.6,0.0,23.8,66.0,2.7
898,2023-06-18,1008.3,0.0,24.5,66.0,2.3
899,2023-06-19,1007.2,0.0,21.0,74.0,3.7
900,2023-06-20,1010.0,0.0,20.8,73.0,2.5
901,2023-06-21,1008.4,0.0,25.9,51.0,4.1
902,2023-06-22,1005.7,5.5,21.9,76.0,3.8
903,2023-06-23,1008.0,2.5,23.2,79.0,2.5
904,2023-06-24,1014.4,0.0,23.9,75.0,2.3
905,2023-06-25,1015.7,0.0,23.4,79.0,2.5
906,2023-06-26,1014.2,0.0,25.0,75.0,2.1
907,2023-06-27,1012.8,25.0,27.4,73.0,3.1
908,2023-06-28,1010.5,4.5,25.7,84.0,2.2
909,2023-06-29,1007.0,0.0,27.5,71.0,3.8
910,2023-06-30,1003.7,2.5,26.2,78.0,3.5
911,2023-07-01,1005.2,26.0,23.1,97.0,1.7
912,2023-07-02,1009.1,0.0,25.4,78.0,3.0
913,2023-07-03,1008.4,0.0,25.0,80.0,2.9
914,2023-07-04,1005.5,0.0,23.9,82.0,2.7
915,2023-07-05,999.4,5.5,25.8,66.0,5.0
916,2023-07-06,1003.7,1.0,27.3,68.0,3.6
917,2023-07-07,1007.4,0.5,27.8,52.0,2.8
918,2023-07-08,1005.4,33.0,25.7,87.0,3.0
919,2023-07-09,1006.0,28.0,26.1,89.0,2.5
920,2023-07-10,1007.4,11.5,27.7,80.0,2.7
921,2023-07-11,1008.9,12.5,28.0,74.0,3.4
922,2023-07-12,1007.4,139.0,25.6,83.0,3.5
923,2023-07-13,1008.1,54.5,26.1,82.0,2.7
924,2023-07-14,1008.3,31.0,26.8,79.0,2.8
925,2023-07-15,1007.0,0.0,30.0,60.0,5.8
926,2023-07-16,1010.9,0.0,31.6,60.0,4.3
927,2023-07-17,1014.4,0.0,29.4,70.0,2.1
928,2023-07-18,1013.2,0.0,29.1,71.0,2.0
929,2023-07-19,1006.1,12.0,26.0,88.0,2.2
930,2023-07-20,1008.8,8.0,25.1,82.0,2.7
931,2023-07-21,1014.2,0.0,25.4,81.0,2.6
932,2023-07-22,1016.7,0.0,26.9,80.0,2.3
933,2023-07-23,1014.6,0.0,29.1,70.0,2.8
934,2023-07-24,1013.5,0.0,30.0,60.0,3.2
935,2023-07-25,1015.3,0.0,30.5,62.0,2.9
936,2023-07-26,1016.2,0.0,30.3,71.0,2.3
937,2023-07-27,1015.4,0.0,29.7,74.0,2.4
938,2023-07-28,1015.4,0.0,29.9,74.0,2.5
939,2023-07-29,1016.0,0.0,30.4,71.0,2.5
940,2023-07-30,1015.3,0.0,31.4,60.0,2.9
941,2023-07-31,1013.8,0.0,30.5,67.0,2.4
942,2023-08-01,1012.2,0.0,30.6,63.0,3.0
943,2023-08-02,1010.6,0.0,30.5,61.0,3.8
944,2023-08-03,1008.7,0.0,32.1,54.0,4.0
945,2023-08-04,1006.7,0.0,31.9,58.0,3.5
946,2023-08-05,1003.2,0.0,31.5,63.0,3.7
947,2023-08-06,1001.0,0.0,30.8,71.0,3.5
948,2023-08-07,1002.8,0.5,30.9,67.0,3.3
949,2023-08-08,1005.4,0.0,30.9,67.0,2.5
950,2023-08-09,1007.2,0.0,32.2,63.0,2.6
951,2023-08-10,1005.8,0.0,33.1,54.0,3.7
952,2023-08-11,1006.1,0.0,30.7,59.0,3.5
953,2023-08-12,1004.3,0.0,30.0,68.0,2.9
954,2023-08-13,1004.0,0.0,29.8,69.0,2.7
955,2023-08-14,1002.0,0.0,30.3,75.0,2.5
956,2023-08-15,998.2,1.0,30.4,72.0,1.8
957,2023-08-16,1001.4,7.5,29.0,75.0,4.3
958,2023-08-17,1007.0,0.0,28.3,81.0,1.8
959,2023-08-18,1009.5,0.0,30.7,64.0,3.2
960,2023-08-19,1011.8,0.0,30.8,69.0,2.6
961,2023-08-20,1012.2,0.0,30.3,76.0,2.6
962,2023-08-21,1010.5,0.0,30.3,73.0,2.7
963,2023-08-22,1009.2,0.0,31.1,71.0,2.5
964,2023-08-23,1009.6,11.5,30.2,74.0,2.2
965,2023-08-24,1010.7,0.0,31.2,63.0,2.9
966,2023-08-25,1009.9,0.0,31.4,60.0,3.3
967,2023-08-26,1009.8,15.0,29.3,73.0,3.1
968,2023-08-27,1008.5,1.0,27.7,76.0,2.3
969,2023-08-28,1009.3,0.0,28.5,76.0,2.4
970,2023-08-29,1012.2,0.0,29.7,71.0,2.6
971,2023-08-30,1013.8,0.0,31.1,56.0,3.9
972,2023-08-31,1013.7,0.0,31.9,46.0,4.8
973,2023-09-01,1013.4,0.0,30.3,56.0,3.8
974,2023-09-02,1013.2,0.0,28.0,70.0,2.4
975,2023-09-03,1013.1,0.0,27.8,76.0,2.9
976,2023-09-04,1009.3,0.0,28.7,77.0,2.1
977,2023-09-05,1008.8,58.0,27.1,91.0,1.8
978,2023-09-06,1008.4,38.5,24.3,93.0,2.0
979,2023-09-07,1011.0,0.0,25.5,79.0,4.0
980,2023-09-08,1008.0,0.0,26.4,77.0,2.0
981,2023-09-09,1009.1,0.0,27.4,75.0,2.0
982,2023-09-10,1011.0,0.0,27.9,75.0,2.1
983,2023-09-11,1010.5,3.0,28.0,71.0,2.3
984,2023-09-12,1012.2,30.0,25.9,81.0,2.1
985,2023-09-13,1013.1,0.0,26.7,82.0,2.4
986,2023-09-14,1012.4,0.0,28.0,73.0,2.5
987,2023-09-15,1014.6,8.0,26.6,86.0,1.9
988,2023-09-16,1014.2,0.0,28.8,76.0,2.4
989,2023-09-17,1012.9,0.0,28.9,76.0,2.0
990,2023-09-18,1014.6,15.5,26.8,82.0,2.6
991,2023-09-19,1013.8,0.0,28.0,75.0,2.8
992,2023-09-20,1013.4,5.0,26.3,79.0,2.2
993,2023-09-21,1007.8,19.5,26.2,81.0,3.5
994,2023-09-22,1013.6,0.0,23.3,84.0,2.4
995,2023-09-23,1017.7,1.0,21.2,81.0,2.2
996,2023-09-24,1018.9,0.0,21.6,73.0,3.4
997,2023-09-25,1017.5,0.0,23.5,68.0,2.2
998,2023-09-26,1014.9,1.0,23.0,83.0,1.4
999,2023-09-27,1011.0,4.5,23.5,89.0,2.0
1000,2023-09-28,1010.5,16.0,23.2,94.0,2.6
1001,2023-09-29,1013.6,0.5,23.5,80.0,2.3
1002,2023-09-30,1010.0,16.5,23.1,80.0,2.3
1003,2023-10-01,1009.7,4.0,21.5,84.0,2.8
1004,2023-10-02,1015.8,0.0,20.0,64.0,2.4
1005,2023-10-03,1018.5,0.0,19.4,62.0,2.9
1006,2023-10-04,1011.5,4.0,21.0,80.0,2.5
1007,2023-10-05,1007.3,7.5,17.6,81.0,3.0
1008,2023-10-06,1014.5,1.0,16.5,74.0,3.0
1009,2023-10-07,1020.8,5.5,17.0,73.0,2.3
1010,2023-10-08,1023.6,1.0,16.7,74.0,1.9
1011,2023-10-09,1018.2,15.5,17.3,93.0,1.3
1012,2023-10-10,1013.8,7.0,18.5,88.0,2.2
1013,2023-10-11,1021.7,0.5,17.2,75.0,2.8
1014,2023-10-12,1022.7,0.0,16.7,72.0,2.5
1015,2023-10-13,1018.0,0.0,16.3,72.0,2.5
1016,2023-10-14,1011.4,1.5,17.1,70.0,2.0
1017,2023-10-15,1006.6,29.5,15.9,91.0,2.2
1018,2023-10-16,1011.7,9.0,17.8,82.0,2.5
1019,2023-10-17,1017.7,0.0,17.1,73.0,2.2
1020,2023-10-18,1020.9,0.0,17.2,66.0,2.7
1021,2023-10-19,1016.9,0.0,19.6,61.0,3.3
1022,2023-10-20,1008.3,12.5,18.7,70.0,5.0
1023,2023-10-21,1015.4,19.0,11.7,88.0,2.8
1024,2023-10-22,1022.4,0.0,13.4,67.0,3.0
1025,2023-10-23,1022.6,0.0,16.6,67.0,2.9
1026,2023-10-24,1020.4,0.0,17.6,69.0,2.5
1027,2023-10-25,1016.7,0.0,16.6,72.0,2.7
1028,2023-10-26,1014.6,0.0,16.6,71.0,2.6
1029,2023-10-27,1010.9,35.0,15.7,72.0,3.2
1030,2023-10-28,1013.2,7.5,14.3,86.0,2.5
1031,2023-10-29,1018.8,6.0,13.4,86.0,1.7
1032,2023-10-30,1022.3,0.0,14.2,80.0,2.0
1033,2023-10-31,1022.6,0.0,14.9,75.0,2.1
1034,2023-11-01,1020.1,0.0,16.3,63.0,2.8
1035,2023-11-02,1019.0,0.0,18.3,67.0,3.1
1036,2023-11-03,1018.2,0.0,19.7,54.0,3.2
1037,2023-11-04,1022.1,0.0,18.3,70.0,2.3
1038,2023-11-05,1024.4,0.0,18.2,82.0,1.9
1039,2023-11-06,1011.7,0.0,24.7,45.0,8.7
1040,2023-11-07,1014.6,23.5,16.9,77.0,5.2
1041,2023-11-08,1023.2,0.0,14.0,80.0,2.7
1042,2023-11-09,1022.6,0.0,16.2,71.0,2.3
1043,2023-11-10,1016.6,27.0,17.2,79.0,3.7
1044,2023-11-11,1023.8,7.5,9.8,78.0,3.0
1045,2023-11-12,1017.3,40.5,8.4,88.0,2.3
1046,2023-11-13,1019.6,35.5,6.9,87.0,3.2
1047,2023-11-14,1024.2,1.0,9.1,80.0,2.1
1048,2023-11-15,1024.8,0.0,10.6,74.0,2.4
1049,2023-11-16,1022.4,0.0,13.0,61.0,2.6
1050,2023-11-17,1007.6,13.5,12.0,79.0,3.9
1051,2023-11-18,1005.4,37.5,6.3,85.0,4.5
1052,2023-11-19,1013.4,9.5,10.2,76.0,3.4
1053,2023-11-20,1019.0,19.5,9.0,84.0,3.0
1054,2023-11-21,1022.6,0.0,8.2,78.0,2.3
1055,2023-11-22,1018.9,0.0,11.7,71.0,2.5
1056,2023-11-23,1012.1,0.0,14.8,64.0,3.6
1057,2023-11-24,1014.8,24.5,11.4,83.0,4.3
1058,2023-11-25,1027.9,5.5,5.7,90.0,1.8
1059,2023-11-26,1023.8,0.0,7.6,79.0,2.2
1060,2023-11-27,1014.7,0.0,12.4,69.0,2.5
1061,2023-11-28,1013.2,13.5,10.6,78.0,4.2
1062,2023-11-29,1018.6,14.5,7.8,83.0,3.7
1063,2023-11-30,1018.8,14.0,5.9,89.0,2.9
1064,2023-12-01,1017.6,5.0,5.5,87.0,2.0
1065,2023-12-02,1021.1,5.0,5.4,90.0,1.7
1066,2023-12-03,1021.3,13.0,6.4,82.0,3.6
1067,2023-12-04,1022.8,0.0,7.0,72.0,2.3
1068,2023-12-05,1018.2,0.0,7.5,64.0,2.4
1069,2023-12-06,1012.1,0.0,9.6,61.0,2.3
1070,2023-12-07,1010.7,7.5,10.4,66.0,4.9
1071,2023-12-08,1019.7,0.0,11.1,59.0,3.1
1072,2023-12-09,1020.0,0.0,13.5,51.0,3.7
1073,2023-12-10,1023.9,0.0,12.7,68.0,4.9
1074,2023-12-11,1023.4,4.5,10.0,77.0,4.0
1075,2023-12-12,1014.2,25.0,10.4,91.0,4.4
1076,2023-12-13,1029.1,2.5,8.0,74.0,2.3
1077,2023-12-14,1028.3,0.0,7.7,73.0,1.9
1078,2023-12-15,1011.8,17.0,13.2,81.0,3.4
1079,2023-12-16,1009.0,23.0,13.4,86.0,4.8
1080,2023-12-17,1019.8,22.0,2.8,87.0,4.5
1081,2023-12-18,1028.3,11.5,2.4,92.0,2.0
1082,2023-12-19,1023.9,0.0,5.0,83.0,1.8
1083,2023-12-20,1015.9,13.5,5.3,89.0,3.0
1084,2023-12-21,1016.4,34.0,1.8,91.0,4.1
1085,2023-12-22,1022.1,36.5,0.4,95.0,3.4
1086,2023-12-23,1030.7,10.0,1.5,94.0,2.0
1087,2023-12-24,1027.7,10.5,3.0,87.0,2.4
1088,2023-12-25,1024.4,21.0,3.1,94.0,2.0
1089,2023-12-26,1025.7,5.5,5.2,81.0,2.5
1090,2023-12-27,1030.1,4.0,4.6,94.0,1.8
1091,2023-12-28,1025.8,1.0,6.2,72.0,2.2
1092,2023-12-29,1024.2,2.0,6.9,82.0,2.7
1093,2023-12-30,1020.5,0.0,6.6,72.0,2.6
1094,2023-12-31,1009.4,39.5,8.6,86.0,2.7
1095,2024-01-01,1024.3,1.5,6.5,67.0,3.9
1096,2024-01-02,1021.4,0.0,4.7,77.0,2.6
1097,2024-01-03,1013.6,0.5,7.9,74.0,1.8
1098,2024-01-04,1017.6,13.5,6.9,82.0,2.2
1099,2024-01-05,1019.9,0.0,8.2,60.0,3.4
1100,2024-01-06,1015.3,4.0,8.9,78.0,3.3
1101,2024-01-07,1014.5,19.0,3.2,91.0,3.4
1102,2024-01-08,1023.0,2.0,1.5,84.0,2.8
1103,2024-01-09,1019.0,3.0,4.1,66.0,3.9
1104,2024-01-10,1016.7,14.0,4.5,85.0,3.7
1105,2024-01-11,1014.8,0.0,3.1,77.0,2.1
1106,2024-01-12,1012.8,12.5,5.1,78.0,3.0
1107,2024-01-13,1018.1,18.0,1.2,95.0,2.7
1108,2024-01-14,1020.9,0.0,2.2,73.0,3.4
1109,2024-01-15,1019.3,19.5,2.1,90.0,2.6
1110,2024-01-16,1028.4,5.0,0.2,90.0,2.6
1111,2024-01-17,1027.8,0.0,2.6,74.0,2.9
1112,2024-01-18,1021.7,29.5,7.4,82.0,3.2
1113,2024-01-19,1027.5,0.5,7.0,79.0,4.9
1114,2024-01-20,1026.2,9.0,4.6,92.0,1.4
1115,2024-01-21,1016.1,22.0,7.4,96.0,2.1
1116,2024-01-22,1016.0,3.5,7.5,89.0,2.5
1117,2024-01-23,1010.6,26.5,2.5,89.0,4.5
1118,2024-01-24,1011.2,8.0,-0.5,92.0,2.9
1119,2024-01-25,1018.5,7.0,0.3,90.0,2.7
1120,2024-01-26,1022.8,7.0,1.6,91.0,2.4
1121,2024-01-27,1023.7,0.0,2.7,87.0,2.4
1122,2024-01-28,1024.3,1.0,2.5,88.0,1.9
1123,2024-01-29,1029.5,0.0,3.9,74.0,2.0
1124,2024-01-30,1029.7,0.0,4.7,67.0,2.3
1125,2024-01-31,1023.8,0.0,6.2,77.0,2.4
1126,2024-02-01,1023.4,5.5,4.2,91.0,3.0
1127,2024-02-02,1027.8,0.0,1.8,73.0,1.8
1128,2024-02-03,1029.6,0.0,3.7,67.0,2.1
1129,2024-02-04,1027.5,0.0,3.9,77.0,2.0
1130,2024-02-05,1019.9,30.0,1.6,89.0,2.4
1131,2024-02-06,1019.8,1.0,2.9,89.0,1.8
1132,2024-02-07,1018.6,6.5,3.5,87.0,2.2
1133,2024-02-08,1019.6,0.5,4.3,80.0,2.4
1134,2024-02-09,1020.2,0.0,4.7,76.0,2.3
1135,2024-02-10,1018.7,8.0,3.7,81.0,2.9
1136,2024-02-11,1020.7,4.0,4.1,78.0,1.9
1137,2024-02-12,1027.0,5.5,4.4,82.0,2.1
1138,2024-02-13,1028.1,0.0,8.4,53.0,4.0
1139,2024-02-14,1025.4,0.0,12.1,49.0,4.0
1140,2024-02-15,1014.3,25.0,14.1,63.0,6.3
1141,2024-02-16,1023.0,13.0,4.4,71.0,4.0
1142,2024-02-17,1024.4,0.0,4.8,77.0,2.0
1143,2024-02-18,1025.3,0.0,10.0,75.0,2.2
1144,2024-02-19,1016.2,6.5,17.5,61.0,6.4
1145,2024-02-20,1022.0,13.5,10.0,91.0,4.6
1146,2024-02-21,1021.3,49.5,5.4,94.0,4.2
1147,2024-02-22,1023.1,8.0,4.5,83.0,4.9
1148,2024-02-23,1025.8,5.5,3.6,86.0,2.7
1149,2024-02-24,1028.5,2.0,3.5,78.0,2.4
1150,2024-02-25,1020.8,9.5,3.1,93.0,1.3
1151,2024-02-26,1021.9,7.5,4.7,79.0,3.4
1152,2024-02-27,1026.0,3.0,3.2,81.0,3.3
1153,2024-02-28,1029.4,1.0,4.4,78.0,2.6
1154,2024-02-29,1022.9,20.0,4.9,76.0,2.0
1155,2024-03-01,1010.3,18.0,5.2,88.0,3.4
1156,2024-03-02,1017.6,6.5,0.7,87.0,2.8
1157,2024-03-03,1017.5,5.0,3.7,72.0,4.1
1158,2024-03-04,1021.7,9.5,4.9,81.0,2.7
1159,2024-03-05,1019.1,18.5,3.6,83.0,1.7
1160,2024-03-06,1012.0,5.5,4.4,85.0,4.0
1161,2024-03-07,1015.9,0.0,5.7,63.0,4.4
1162,2024-03-08,1009.5,8.0,4.5,79.0,2.4
1163,2024-03-09,1017.2,9.0,2.0,84.0,3.5
1164,2024-03-10,1027.6,0.5,3.0,81.0,2.4
1165,2024-03-11,1024.2,0.0,6.5,58.0,2.8
1166,2024-03-12,1010.6,30.0,6.2,83.0,2.0
1167,2024-03-13,1016.4,4.5,5.6,72.0,3.0
1168,2024-03-14,1019.1,0.0,8.5,57.0,4.2
1169,2024-03-15,1020.4,0.0,11.0,42.0,4.4
1170,2024-03-16,1022.0,0.0,9.4,68.0,2.6
1171,2024-03-17,1012.0,1.0,11.1,65.0,3.9
1172,2024-03-18,1019.9,0.0,5.2,56.0,3.5
1173,2024-03-19,1016.0,1.5,6.3,57.0,3.2
1174,2024-03-20,1007.0,18.0,4.6,83.0,4.8
1175,2024-03-21,1016.7,0.0,2.3,77.0,2.6
1176,2024-03-22,1022.2,1.0,4.4,68.0,2.4
1177,2024-03-23,1017.1,7.5,8.0,71.0,4.2
1178,2024-03-24,1020.1,0.0,9.8,80.0,2.8
1179,2024-03-25,1016.8,5.0,9.7,87.0,2.5
1180,2024-03-26,1011.3,61.0,6.9,94.0,4.4
1181,2024-03-27,1024.0,0.5,6.9,74.0,2.5
1182,2024-03-28,1017.9,0.0,10.6,65.0,3.4
1183,2024-03-29,1004.9,10.5,16.0,65.0,5.7
1184,2024-03-30,1011.6,1.5,14.8,58.0,4.3
1185,2024-03-31,1011.5,1.5,12.9,72.0,3.1
1186,2024-04-01,1012.5,0.0,10.9,66.0,3.2
1187,2024-04-02,1018.4,0.0,8.8,70.0,1.7
1188,2024-04-03,1010.2,34.0,10.6,87.0,2.2
1189,2024-04-04,1012.7,12.5,11.8,84.0,3.3
1190,2024-04-05,1020.2,0.0,10.7,70.0,3.5
1191,2024-04-06,1019.8,0.0,11.4,78.0,2.0
1192,2024-04-07,1017.8,0.0,15.2,70.0,1.9
1193,2024-04-08,1016.6,18.5,14.5,83.0,1.6
1194,2024-04-09,1017.2,59.5,9.8,87.0,4.9
1195,2024-04-10,1027.5,0.0,8.8,65.0,2.2
1196,2024-04-11,1025.5,0.0,12.6,66.0,2.2
1197,2024-04-12,1020.0,0.0,14.7,67.0,2.5
1198,2024-04-13,1018.9,0.0,13.9,71.0,2.3
1199,2024-04-14,1021.6,0.0,15.2,72.0,2.1
1200,2024-04-15,1018.6,0.0,18.3,63.0,2.5
1201,2024-04-16,1012.8,8.0,20.0,53.0,6.1
1202,2024-04-17,1011.3,20.5,17.3,73.0,2.8
1203,2024-04-18,1008.5,0.0,13.9,79.0,3.0
1204,2024-04-19,1012.2,0.0,15.1,62.0,2.2
1205,2024-04-20,1015.4,0.0,14.1,72.0,2.8
1206,2024-04-21,1014.1,1.5,13.9,82.0,1.9
1207,2024-04-22,1012.7,0.0,13.7,86.0,2.0
1208,2024-04-23,1014.3,0.0,14.1,89.0,1.9
1209,2024-04-24,1007.4,18.0,15.0,94.0,2.1
1210,2024-04-25,1010.2,0.0,17.3,69.0,3.2
1211,2024-04-26,1012.4,0.0,17.3,67.0,2.1
1212,2024-04-27,1011.8,0.0,17.9,72.0,1.6
1213,2024-04-28,1014.9,0.0,18.6,65.0,2.2
1214,2024-04-29,1011.2,1.0,16.5,88.0,2.1
1215,2024-04-30,1004.4,5.0,17.1,92.0,1.8
1216,2024-05-01,1010.2,3.0,12.9,85.0,5.0
1217,2024-05-02,1017.6,0.0,13.5,73.0,2.7
1218,2024-05-03,1019.6,0.0,16.6,69.0,2.2
1219,2024-05-04,1020.0,0.0,18.3,63.0,2.0
1220,2024-05-05,1018.6,0.0,22.4,47.0,3.4
1221,2024-05-06,1012.3,0.0,23.1,39.0,8.6
1222,2024-05-07,1008.6,6.5,18.7,73.0,5.4
1223,2024-05-08,1013.4,13.0,11.2,91.0,4.3
1224,2024-05-09,1017.3,6.0,12.0,74.0,2.5
1225,2024-05-10,1020.2,0.0,16.8,53.0,2.5
1226,2024-05-11,1018.3,0.0,21.7,44.0,3.9
1227,2024-05-12,1012.5,5.5,21.0,55.0,7.0
1228,2024-05-13,1012.2,44.0,14.1,91.0,2.1
1229,2024-05-14,1017.2,0.0,14.4,78.0,2.2
1230,2024-05-15,1012.9,0.0,18.7,74.0,1.8
1231,2024-05-16,1004.6,9.5,16.8,78.0,3.9
1232,2024-05-17,1015.1,0.0,18.8,51.0,4.8
1233,2024-05-18,1018.4,0.0,21.3,41.0,3.5
1234,2024-05-19,1016.8,1.0,19.9,63.0,1.7
1235,2024-05-20,1013.9,7.0,18.7,79.0,2.5
1236,2024-05-21,1019.9,0.0,15.9,84.0,2.9
1237,2024-05-22,1017.7,0.0,17.1,77.0,2.0
1238,2024-05-23,1010.9,0.0,23.9,55.0,3.9
1239,2024-05-24,1010.3,0.0,20.3,72.0,3.4
1240,2024-05-25,1017.3,0.0,16.4,74.0,3.2
1241,2024-05-26,1013.3,0.0,18.4,69.0,3.1
1242,2024-05-27,1002.9,3.5,23.5,61.0,7.4
1243,2024-05-28,1003.8,126.0,14.8,95.0,2.9
1244,2024-05-29,1011.8,3.5,16.6,81.0,2.2
1245,2024-05-30,1013.7,0.0,17.1,79.0,2.0
1246,2024-05-31,1009.0,0.0,18.8,79.0,2.6
1247,2024-06-01,1009.2,0.0,19.4,72.0,2.6
1248,2024-06-02,1008.1,22.0,17.3,90.0,2.0
1249,2024-06-03,1009.3,2.5,17.3,83.0,2.2
1250,2024-06-04,1013.4,0.5,18.0,82.0,2.4
1251,2024-06-05,1019.5,0.0,18.9,76.0,3.0
1252,2024-06-06,1019.6,0.0,18.6,80.0,2.0
1253,2024-06-07,1016.5,0.0,20.9,77.0,2.0
1254,2024-06-08,1014.0,0.0,23.7,59.0,3.3
1255,2024-06-09,1010.6,0.0,24.0,51.0,4.1
1256,2024-06-10,1009.1,0.0,22.0,77.0,2.2
1257,2024-06-11,1008.7,0.0,24.6,65.0,2.3
1258,2024-06-12,1006.6,,26.4,64.0,2.5
1259,2024-06-13,1005.0,0.0,25.9,67.0,2.3
1260,2024-06-14,1007.9,0.0,24.3,71.0,2.3
1261,2024-06-15,1004.9,0.0,26.3,68.0,2.2
1262,2024-06-16,1004.0,0.0,26.1,67.0,3.8
1263,2024-06-17,1008.9,0.0,25.1,58.0,2.4
1264,2024-06-18,1006.3,7.5,21.9,74.0,2.5
1265,2024-06-19,1010.0,0.0,23.8,68.0,2.5
1266,2024-06-20,1009.0,0.0,26.2,61.0,2.3
1267,2024-06-21,1004.4,0.0,24.9,69.0,2.2
1268,2024-06-22,1005.6,6.0,24.5,65.0,3.6
1269,2024-06-23,999.1,92.0,22.6,90.0,3.7
1270,2024-06-24,1004.4,3.0,25.8,81.0,3.5
1271,2024-06-25,1008.5,0.0,26.1,72.0,4.6
1272,2024-06-26,1015.1,0.0,24.6,65.0,3.8
1273,2024-06-27,1014.7,0.0,23.4,67.0,2.1
1274,2024-06-28,1009.4,2.0,21.9,84.0,1.5
1275,2024-06-29,1009.9,0.0,24.6,75.0,1.9
1276,2024-06-30,1005.1,14.5,25.5,80.0,3.9
1277,2024-07-01,1004.3,46.0,24.6,85.0,3.1
1278,2024-07-02,1010.7,8.0,24.3,85.0,1.6
1279,2024-07-03,1011.5,4.5,29.0,72.0,3.3
1280,2024-07-04,1008.8,9.0,28.2,75.0,4.2
1281,2024-07-05,1006.1,0.0,29.6,62.0,3.5
1282,2024-07-06,1008.5,1.0,27.6,79.0,3.2
1283,2024-07-07,1007.1,0.0,30.7,61.0,4.6
1284,2024-07-08,1007.0,5.5,27.9,78.0,3.4
1285,2024-07-09,1005.9,0.0,27.2,77.0,4.1
1286,2024-07-10,1004.1,14.0,25.4,87.0,2.6
1287,2024-07-11,1002.0,7.5,24.5,87.0,2.9
1288,2024-07-12,1003.3,2.0,24.0,89.0,2.1
1289,2024-07-13,1009.3,0.0,24.8,83.0,2.3
1290,2024-07-14,1013.3,17.0,23.9,92.0,1.5
1291,2024-07-15,1014.6,17.5,25.2,89.0,1.9
1292,2024-07-16,1014.1,6.5,26.0,86.0,2.1
1293,2024-07-17,1012.9,0.5,26.5,85.0,2.1
1294,2024-07-18,1010.1,0.0,28.8,68.0,2.7
1295,2024-07-19,1008.4,29.5,30.3,67.0,3.8
1296,2024-07-20,1010.9,27.5,27.5,83.0,3.2
1297,2024-07-21,1010.0,0.0,31.1,63.0,3.7
1298,2024-07-22,1010.1,0.0,30.6,68.0,3.9
1299,2024-07-23,1007.5,0.0,31.3,63.0,3.6
1300,2024-07-24,1007.9,30.5,25.9,86.0,3.0
1301,2024-07-25,1009.1,0.5,29.9,70.0,3.4
1302,2024-07-26,1015.0,0.0,29.8,71.0,2.4
1303,2024-07-27,1017.9,0.0,31.2,68.0,2.5
1304,2024-07-28,1014.8,0.0,30.1,72.0,3.2
1305,2024-07-29,1008.3,0.0,30.0,67.0,4.0
1306,2024-07-30,1004.6,38.0,26.9,90.0,2.3
1307,2024-07-31,1006.2,0.0,28.0,79.0,2.6
1308,2024-08-01,1006.7,0.0,27.9,74.0,2.2
1309,2024-08-02,1006.3,0.0,29.3,72.0,2.1
1310,2024-08-03,1007.6,0.0,30.6,74.0,2.2
1311,2024-08-04,1008.1,0.0,29.5,79.0,2.2
1312,2024-08-05,1007.7,0.0,29.2,81.0,3.0
1313,2024-08-06,1007.4,0.0,28.3,83.0,4.0
1314,2024-08-07,1005.8,1.0,27.8,84.0,3.0
1315,2024-08-08,1004.8,5.5,27.1,84.0,2.6
1316,2024-08-09,1003.9,0.0,27.5,78.0,3.1
1317,2024-08-10,1003.4,0.0,27.3,77.0,3.4
1318,2024-08-11,1002.8,0.0,27.9,78.0,2.9
1319,2024-08-12,1003.9,0.0,28.0,80.0,2.3
1320,2024-08-13,1007.7,3.5,28.2,85.0,2.7
1321,2024-08-14,1008.4,0.0,28.7,83.0,3.2
1322,2024-08-15,1007.6,0.5,28.1,81.0,3.4
1323,2024-08-16,1005.8,0.5,27.2,89.0,4.2
1324,2024-08-17,1008.3,0.5,28.1,84.0,2.8
1325,2024-08-18,1010.6,3.5,27.7,86.0,2.9
1326,2024-08-19,1012.2,0.5,28.0,84.0,2.2
1327,2024-08-20,1013.8,0.0,29.2,72.0,2.9
1328,2024-08-21,1012.8,0.0,28.7,76.0,2.4
1329,2024-08-22,1009.9,0.0,31.0,71.0,2.2
1330,2024-08-23,1009.7,0.0,32.9,59.0,3.7
1331,2024-08-24,1011.3,0.0,30.1,75.0,2.1
1332,2024-08-25,1010.6,1.5,28.2,81.0,2.4
1333,2024-08-26,1009.6,0.0,29.2,75.0,2.5
1334,2024-08-27,1007.7,5.5,30.8,61.0,4.4
1335,2024-08-28,1010.5,0.0,27.7,81.0,2.7
1336,2024-08-29,1009.4,7.5,26.1,84.0,1.8
1337,2024-08-30,1002.6,0.0,29.8,70.0,2.5
1338,2024-08-31,1003.2,23.0,25.8,88.0,2.3
1339,2024-09-01,1007.2,1.5,26.8,83.0,2.2
1340,2024-09-02,1009.7,17.5,24.6,94.0,1.8
1341,2024-09-03,1011.0,0.0,25.2,84.0,2.2
1342,2024-09-04,1009.8,0.0,25.8,79.0,2.6
1343,2024-09-05,1008.5,0.0,27.4,74.0,2.1
1344,2024-09-06,1011.6,0.0,27.6,69.0,2.5
1345,2024-09-07,1013.9,0.0,28.2,73.0,1.9
1346,2024-09-08,1014.2,9.0,26.8,85.0,2.2
1347,2024-09-09,1015.0,0.0,26.9,81.0,2.5
1348,2024-09-10,1015.8,0.0,28.6,77.0,2.1
1349,2024-09-11,1017.3,0.0,29.9,70.0,2.4
1350,2024-09-12,1015.4,0.0,28.5,81.0,2.2
1351,2024-09-13,1010.4,0.0,28.8,76.0,2.6
1352,2024-09-14,1008.3,0.0,29.3,74.0,2.1
1353,2024-09-15,1011.7,107.0,27.8,82.0,2.5
1354,2024-09-16,1016.5,13.0,26.7,86.0,2.4
1355,2024-09-17,1015.5,1.0,27.7,85.0,1.8
1356,2024-09-18,1015.1,0.0,27.8,82.0,2.1
1357,2024-09-19,1016.1,15.5,26.8,84.0,2.3
1358,2024-09-20,1012.7,0.0,30.0,67.0,3.6
1359,2024-09-21,1007.5,5.5,26.6,84.0,2.4
1360,2024-09-22,1006.7,36.5,22.7,92.0,2.8
1361,2024-09-23,1014.6,4.5,21.1,82.0,3.5
1362,2024-09-24,1016.2,0.0,22.4,76.0,2.0
1363,2024-09-25,1014.9,0.0,23.5,75.0,2.2
1364,2024-09-26,1014.0,0.0,23.7,77.0,2.3
1365,2024-09-27,1012.8,0.0,24.0,80.0,3.4
1366,2024-09-28,1016.2,0.0,23.5,80.0,4.2
1367,2024-09-29,1019.2,0.0,22.9,79.0,3.7
1368,2024-09-30,1016.0,0.0,23.1,81.0,1.9
1369,2024-10-01,1009.9,0.0,23.5,77.0,2.1
1370,2024-10-02,1013.2,0.0,22.1,72.0,4.7
1371,2024-10-03,1017.3,28.5,18.9,93.0,2.2
1372,2024-10-04,1019.8,11.0,20.1,94.0,2.0
1373,2024-10-05,1022.5,1.5,19.5,89.0,2.0
1374,2024-10-06,1019.2,0.0,21.4,84.0,1.9
1375,2024-10-07,1013.0,43.5,20.7,95.0,1.9
1376,2024-10-08,1013.3,7.0,18.1,92.0,3.3
1377,2024-10-09,1012.4,1.0,19.0,80.0,3.7
1378,2024-10-10,1012.5,0.0,18.0,74.0,1.9
1379,2024-10-11,1016.4,0.0,18.9,71.0,2.5
1380,2024-10-12,1022.1,0.0,19.0,74.0,2.6
1381,2024-10-13,1024.6,0.0,19.0,74.0,3.2
1382,2024-10-14,1023.1,0.0,20.6,70.0,2.3
1383,2024-10-15,1019.7,0.0,23.9,57.0,4.4
1384,2024-10-16,1020.9,1.0,22.0,83.0,2.4
1385,2024-10-17,1023.2,0.0,21.1,82.0,2.8
1386,2024-10-18,1019.0,0.0,20.6,84.0,1.5
1387,2024-10-19,1014.6,44.5,21.7,83.0,4.6
1388,2024-10-20,1029.1,3.0,14.8,67.0,6.2
1389,2024-10-21,1027.9,0.0,16.0,71.0,2.3
1390,2024-10-22,1021.0,0.0,20.8,57.0,3.8
1391,2024-10-23,1011.7,1.5,23.6,71.0,5.9
1392,2024-10-24,1019.9,1.0,19.1,81.0,2.3
1393,2024-10-25,1025.1,0.0,18.2,80.0,3.1
1394,2024-10-26,1021.9,0.0,16.7,85.0,1.9
1395,2024-10-27,1013.3,25.0,17.9,87.0,1.6
1396,2024-10-28,1013.0,28.5,16.6,86.0,2.8
1397,2024-10-29,1018.0,8.0,15.9,81.0,1.9
1398,2024-10-30,1019.8,4.0,15.6,85.0,2.1
1399,2024-10-31,1024.9,0.0,14.6,78.0,2.1
1400,2024-11-01,1021.2,3.0,20.0,72.0,3.3
1401,2024-11-02,1013.4,68.5,17.4,93.0,4.1
1402,2024-11-03,1021.2,0.0,16.5,70.0,4.4
1403,2024-11-04,1018.5,0.0,17.8,70.0,2.9
1404,2024-11-05,1018.3,10.0,14.8,81.0,3.1
1405,2024-11-06,1018.2,31.5,13.6,79.0,2.8
1406,2024-11-07,1030.0,2.5,10.2,70.0,2.5
1407,2024-11-08,1030.8,0.0,9.4,69.0,2.5
1408,2024-11-09,1028.6,0.0,10.3,67.0,2.8
1409,2024-11-10,1023.5,0.0,12.2,71.0,1.9
1410,2024-11-11,1018.6,0.0,15.3,79.0,2.1
1411,2024-11-12,1017.0,1.0,14.7,77.0,1.7
1412,2024-11-13,1022.4,2.0,14.3,79.0,3.2
1413,2024-11-14,1022.5,0.0,12.8,80.0,1.8
1414,2024-11-15,1019.6,0.0,15.0,84.0,1.5
1415,2024-11-16,1017.8,0.0,15.5,85.0,1.3
1416,2024-11-17,1015.1,21.0,16.4,88.0,2.8
1417,2024-11-18,1024.0,9.0,9.3,75.0,3.8
1418,2024-11-19,1029.8,2.0,6.2,81.0,2.1
1419,2024-11-20,1022.4,0.0,8.7,75.0,1.5
1420,2024-11-21,1016.9,4.0,10.7,80.0,2.2
1421,2024-11-22,1016.0,26.0,9.9,90.0,2.5
1422,2024-11-23,1022.9,2.5,8.0,87.0,1.9
1423,2024-11-24,1027.4,8.0,8.6,84.0,1.9
1424,2024-11-25,1029.8,0.5,8.4,77.0,2.2
1425,2024-11-26,1014.9,13.0,14.7,60.0,6.6
1426,2024-11-27,1009.5,6.0,12.1,83.0,3.5
1427,2024-11-28,1008.8,18.0,7.8,79.0,4.9
1428,2024-11-29,1005.8,45.0,6.1,89.0,3.1
1429,2024-11-30,1009.3,29.5,6.7,90.0,2.7
1430,2024-12-01,1016.1,9.0,8.7,84.0,2.5
1431,2024-12-02,1017.3,0.0,11.6,71.0,2.7
1432,2024-12-03,1015.7,2.5,12.5,70.0,4.1
1433,2024-12-04,1015.8,6.0,9.7,80.0,2.8
1434,2024-12-05,1012.0,15.0,7.6,85.0,3.0
1435,2024-12-06,1013.4,35.5,6.4,89.0,3.0
1436,2024-12-07,1016.1,10.5,4.7,93.0,1.6
1437,2024-12-08,1016.1,12.0,4.3,89.0,3.0
1438,2024-12-09,1021.1,0.0,4.8,85.0,2.2
1439,2024-12-10,1018.9,0.0,6.9,76.0,2.3
1440,2024-12-11,1017.9,12.0,5.3,89.0,2.5
1441,2024-12-12,1021.2,0.0,3.3,78.0,2.7
1442,2024-12-13,1014.8,9.5,5.8,70.0,3.5
1443,2024-12-14,1015.9,25.0,2.9,87.0,3.3
1444,2024-12-15,1014.4,19.0,4.1,82.0,3.9
1445,2024-12-16,1016.6,15.0,4.9,91.0,2.3
1446,2024-12-17,1018.3,24.5,5.3,90.0,2.8
1447,2024-12-18,1018.8,20.0,3.5,90.0,3.0
1448,2024-12-19,1022.0,1.0,2.3,91.0,2.6
1449,2024-12-20,1022.4,0.0,3.9,75.0,2.2
1450,2024-12-21,1010.8,19.0,7.2,66.0,4.8
1451,2024-12-22,1015.0,12.5,2.1,89.0,2.5
1452,2024-12-23,1019.1,11.0,2.2,91.0,2.3
1453,2024-12-24,1023.4,3.0,3.0,91.0,2.5
1454,2024-12-25,1025.2,0.0,4.7,74.0,3.0
1455,2024-12-26,1015.7,16.5,6.9,84.0,3.9
1456,2024-12-27,1015.3,29.0,2.1,96.0,2.4
1457,2024-12-28,1014.8,33.0,1.1,97.0,1.9
1458,2024-12-29,1020.6,17.0,1.9,94.0,2.4
1459,2024-12-30,1020.5,0.0,4.9,72.0,3.6
1460,2024-12-31,1011.5,21.0,5.8,80.0,4.1
1461,2025-01-01,1019.1,1.5,5.3,74.0,2.8
1462,2025-01-02,1019.0,24.0,5.4,91.0,2.1
1463,2025-01-03,1017.7,30.5,2.9,92.0,2.5
1464,2025-01-04,1022.4,9.0,1.9,92.0,2.3
1465,2025-01-05,1022.8,0.0,4.2,76.0,2.6
1466,2025-01-06,1013.1,4.0,7.1,73.0,3.4
1467,2025-01-07,1006.9,24.0,4.8,86.0,4.8
1468,2025-01-08,1012.8,29.0,1.3,93.0,3.9
1469,2025-01-09,1012.2,17.0,0.9,89.0,5.1
1470,2025-01-10,1019.0,10.0,0.7,91.0,2.9
1471,2025-01-11,1024.0,0.5,2.6,87.0,2.2
1472,2025-01-12,1019.2,1.0,3.1,74.0,2.2
1473,2025-01-13,1020.6,1.5,4.1,77.0,2.4
1474,2025-01-14,1021.4,14.5,4.6,80.0,3.3
1475,2025-01-15,1018.3,29.0,2.8,93.0,3.0
1476,2025-01-16,1020.0,9.0,3.4,80.0,2.7
1477,2025-01-17,1024.8,1.0,2.3,75.0,2.4
1478,2025-01-18,1025.3,0.0,2.5,69.0,2.3
1479,2025-01-19,1018.3,0.0,5.4,72.0,1.8
1480,2025-01-20,1014.1,5.5,7.4,78.0,2.4
1481,2025-01-21,1019.0,0.0,6.1,74.0,2.3
1482,2025-01-22,1022.4,0.0,5.5,67.0,2.3
1483,2025-01-23,1022.9,0.0,7.1,71.0,3.0
1484,2025-01-24,1025.4,0.0,5.7,81.0,2.0
1485,2025-01-25,1025.3,5.0,4.1,76.0,2.2
1486,2025-01-26,1021.9,7.5,4.0,86.0,1.7
1487,2025-01-27,1013.7,0.0,5.1,73.0,1.6
1488,2025-01-28,1011.2,10.5,4.5,82.0,4.8
1489,2025-01-29,1013.5,37.0,1.6,90.0,4.2
1490,2025-01-30,1019.6,21.0,1.3,93.0,3.8
1491,2025-01-31,1025.1,9.0,1.7,95.0,1.7
1492,2025-02-01,1022.9,0.0,3.8,84.0,2.5
1493,2025-02-02,1016.4,0.0,4.6,74.0,2.5
1494,2025-02-03,1007.9,4.5,4.3,81.0,3.6
1495,2025-02-04,1004.9,26.5,0.5,94.0,2.4
1496,2025-02-05,1006.1,30.0,-0.8,93.0,4.1
1497,2025-02-06,1012.7,24.0,-0.3,93.0,3.6
1498,2025-02-07,1009.8,16.5,0.4,85.0,4.1
1499,2025-02-08,1013.5,10.0,0.3,89.0,2.6
1500,2025-02-09,1020.3,7.5,1.1,91.0,2.2
1501,2025-02-10,1020.2,8.0,1.5,92.0,2.0
1502,2025-02-11,1026.9,8.5,1.5,85.0,1.9
1503,2025-02-12,1015.8,1.0,2.8,70.0,4.0
1504,2025-02-13,1014.9,9.5,3.3,79.0,3.6
1505,2025-02-14,1019.6,0.5,4.5,74.0,2.5
1506,2025-02-15,1018.8,0.0,4.9,71.0,2.3
1507,2025-02-16,1013.4,0.0,7.6,70.0,2.5
1508,2025-02-17,1012.2,5.5,2.9,81.0,2.8
1509,2025-02-18,1016.7,12.5,-0.3,93.0,2.1
1510,2025-02-19,1019.7,4.5,-0.7,91.0,2.4
1511,2025-02-20,1024.0,2.0,-0.4,92.0,2.7
1512,2025-02-21,1024.9,0.0,-0.2,83.0,2.1
1513,2025-02-22,1024.4,13.5,-0.8,91.0,2.2
1514,2025-02-23,1024.5,3.5,0.2,91.0,2.2
1515,2025-02-24,1023.3,7.5,0.8,91.0,2.2
1516,2025-02-25,1025.3,0.0,3.8,72.0,2.7
1517,2025-02-26,1020.3,6.0,5.5,73.0,3.5
1518,2025-02-27,1022.7,0.0,6.3,66.0,3.2
1519,2025-02-28,1021.0,0.0,6.2,66.0,2.2
1520,2025-03-01,1020.5,0.0,8.6,68.0,2.5
1521,2025-03-02,1017.7,6.0,7.8,88.0,2.5
1522,2025-03-03,1020.7,22.5,4.2,82.0,7.9
1523,2025-03-04,1022.2,14.0,2.8,76.0,2.5
1524,2025-03-05,1015.6,6.0,5.6,97.0,1.7
1525,2025-03-06,1019.4,0.5,5.1,82.0,2.3
1526,2025-03-07,1026.6,0.0,3.7,66.0,2.8
1527,2025-03-08,1027.2,0.0,3.8,67.0,2.1
1528,2025-03-09,1029.3,0.0,6.0,68.0,2.1
1529,2025-03-10,1029.4,0.0,6.3,68.0,2.3
1530,2025-03-11,1022.4,0.0,9.6,70.0,2.5
1531,2025-03-12,1016.3,0.0,10.3,77.0,1.8
1532,2025-03-13,1018.9,0.5,11.1,69.0,3.4
1533,2025-03-14,1026.9,0.0,8.1,60.0,2.4
1534,2025-03-15,1026.3,0.5,5.7,68.0,2.4
1535,2025-03-16,1006.2,16.5,6.2,93.0,1.9
1536,2025-03-17,1008.3,12.0,5.0,82.0,3.2
1537,2025-03-18,1013.6,0.0,5.4,69.0,3.1
1538,2025-03-19,1016.1,34.5,2.7,92.0,2.3
1539,2025-03-20,1019.7,0.0,5.9,65.0,2.7
1540,2025-03-21,1012.7,0.0,10.8,49.0,4.9
1541,2025-03-22,1008.6,0.0,15.9,38.0,5.4
1542,2025-03-23,1010.8,0.0,14.2,56.0,3.4
1543,2025-03-24,1007.8,0.0,14.2,57.0,3.8
1544,2025-03-25,1002.9,0.0,18.3,44.0,4.8
1545,2025-03-26,1008.7,0.0,14.3,62.0,4.8
1546,2025-03-27,1003.5,7.5,19.6,49.0,6.3
1547,2025-03-28,1006.6,27.5,10.9,93.0,2.1
1548,2025-03-29,1018.5,0.0,7.1,64.0,2.8
1549,2025-03-30,1023.8,6.0,4.7,79.0,3.2
1550,2025-03-31,1028.0,0.5,5.0,73.0,2.6
1551,2025-04-01,1024.5,0.5,6.6,80.0,1.6
1552,2025-04-02,1015.7,0.5,10.4,79.0,2.4
1553,2025-04-03,1015.1,7.5,10.7,76.0,3.0
1554,2025-04-04,1019.8,1.0,9.1,75.0,2.8
1555,2025-04-05,1018.9,0.0,9.8,61.0,2.1
1556,2025-04-06,1014.2,0.5,14.0,61.0,5.0
1557,2025-04-07,1017.5,0.0,10.3,72.0,2.3
1558,2025-04-08,1012.9,0.5,12.8,56.0,4.8
1559,2025-04-09,1014.4,2.0,11.4,73.0,2.6
1560,2025-04-10,1008.8,14.5,13.1,72.0,4.0
1561,2025-04-11,1010.3,3.5,12.7,87.0,2.7
1562,2025-04-12,1014.4,0.0,11.9,82.0,2.7
1563,2025-04-13,1004.8,15.0,12.7,77.0,4.4
1564,2025-04-14,1002.9,3.0,11.7,66.0,3.0
1565,2025-04-15,998.1,13.0,9.4,80.0,4.5
1566,2025-04-16,1009.6,1.5,11.3,59.0,4.6
1567,2025-04-17,1012.7,0.0,18.5,39.0,3.7
1568,2025-04-18,1012.2,6.0,21.5,53.0,4.6
1569,2025-04-19,1012.8,0.0,19.4,73.0,2.7
1570,2025-04-20,1013.5,18.5,16.9,79.0,3.6
1571,2025-04-21,1019.2,0.0,12.5,79.0,2.5
1572,2025-04-22,1011.8,0.0,16.3,67.0,2.8
1573,2025-04-23,1003.2,6.0,16.7,86.0,3.1
1574,2025-04-24,1007.4,0.5,13.4,83.0,3.3
1575,2025-04-25,1011.6,0.0,13.6,70.0,3.9
1576,2025-04-26,1017.1,0.0,13.0,49.0,3.5
1577,2025-04-27,1015.0,0.0,18.4,31.0,4.7
1578,2025-04-28,1008.0,0.0,17.0,60.0,2.2
1579,2025-04-29,1010.7,3.5,12.1,70.0,4.0
1580,2025-04-30,1019.5,0.0,12.4,62.0,2.6
1581,2025-05-01,1016.3,0.0,15.8,63.0,2.4
1582,2025-05-02,1007.6,2.5,16.0,67.0,3.3
1583,2025-05-03,1008.6,0.5,13.5,73.0,2.5
1584,2025-05-04,1009.2,3.5,15.0,67.0,4.5
1585,2025-05-05,1013.6,0.0,15.3,55.0,3.1
1586,2025-05-06,1006.1,20.0,13.9,86.0,1.8
1587,2025-05-07,1012.0,13.5,13.8,71.0,2.5
1588,2025-05-08,1021.2,0.0,13.7,65.0,2.4
1589,2025-05-09,1016.7,9.5,16.1,75.0,2.8
1590,2025-05-10,1000.0,2.5,21.3,65.0,7.4
1591,2025-05-11,1007.2,6.5,16.6,70.0,3.4
1592,2025-05-12,1010.2,7.0,16.3,78.0,2.9
1593,2025-05-13,1017.6,,18.2,60.0,2.4
1594,2025-05-14,1019.5,0.0,19.6,66.0,1.7
1595,2025-05-15,1018.8,0.0,20.9,63.0,2.2
1596,2025-05-16,1018.1,0.0,22.4,59.0,2.7
1597,2025-05-17,1006.8,16.0,22.4,71.0,5.8
1598,2025-05-18,1008.1,0.0,20.3,77.0,3.8
1599,2025-05-19,1010.1,0.0,19.3,67.0,2.5
1600,2025-05-20,1010.8,0.0,24.3,54.0,4.2
1601,2025-05-21,1008.7,,25.3,69.0,2.2
1602,2025-05-22,1006.3,1.0,16.9,93.0,3.2
1603,2025-05-23,1013.7,0.0,16.1,83.0,3.5
1604,2025-05-24,1010.2,20.5,15.7,90.0,1.9
1605,2025-05-25,1007.7,6.5,16.1,91.0,2.6
1606,2025-05-26,1019.8,0.0,15.1,79.0,2.0
1607,2025-05-27,1020.9,0.0,16.3,80.0,2.1
1608,2025-05-28,1019.1,0.0,18.8,77.0,2.3
1609,2025-05-29,1016.4,0.0,18.5,79.0,2.3
1610,2025-05-30,1009.6,0.5,19.1,78.0,3.7
1611,2025-05-31,1003.7,12.0,17.5,84.0,3.8
1612,2025-06-01,1007.2,2.0,16.5,89.0,1.9
1613,2025-06-02,1007.1,0.0,18.3,79.0,1.9
1614,2025-06-03,999.4,14.0,18.0,92.0,2.1
1615,2025-06-04,1002.9,0.0,20.6,71.0,4.5
1616,2025-06-05,1010.1,,20.7,52.0,3.6
1617,2025-06-06,1011.2,,22.5,58.0,2.2
1618,2025-06-07,1009.8,0.0,24.7,47.0,3.0
1619,2025-06-08,1010.5,0.0,22.5,61.0,2.2
1620,2025-06-09,1010.7,0.0,21.9,70.0,1.7
1621,2025-06-10,1007.9,12.5,20.7,91.0,1.4
1622,2025-06-11,1010.0,9.0,22.1,89.0,2.8
1623,2025-06-12,1017.0,0.0,20.8,72.0,2.4
1624,2025-06-13,1016.9,0.0,19.5,80.0,2.1
1625,2025-06-14,1007.4,13.0,23.3,72.0,5.5
1626,2025-06-15,1001.6,18.5,23.1,90.0,2.9
1627,2025-06-16,1002.5,0.0,26.8,71.0,4.5
1628,2025-06-17,1008.7,0.0,27.1,64.0,3.1
1629,2025-06-18,1012.5,0.0,25.8,69.0,2.0
1630,2025-06-19,1015.1,0.0,26.2,68.0,2.4
1631,2025-06-20,1013.5,0.0,25.8,74.0,2.0
1632,2025-06-21,1008.8,0.0,30.2,52.0,4.8
1633,2025-06-22,1006.2,0.0,28.7,61.0,6.1
1634,2025-06-23,1009.3,33.0,22.5,93.0,2.1
1635,2025-06-24,1012.3,0.0,23.7,88.0,1.7
1636,2025-06-25,1012.2,2.0,24.1,89.0,1.6
1637,2025-06-26,1009.1,25.0,23.7,82.0,2.5
1638,2025-06-27,1008.3,0.0,24.3,77.0,2.6
1639,2025-06-28,1009.2,0.0,24.3,81.0,2.1
1640,2025-06-29,1010.1,0.0,24.9,80.0,2.1
1641,2025-06-30,1011.9,0.0,28.9,68.0,2.0
1642,2025-07-01,1013.8,0.0,29.0,67.0,2.1
1643,2025-07-02,1013.5,0.0,28.1,74.0,1.7
1644,2025-07-03,1011.3,0.0,29.0,71.0,2.7
1645,2025-07-04,1008.0,0.0,29.8,65.0,3.1
1646,2025-07-05,1005.8,0.0,27.6,76.0,2.4
1647,2025-07-06,1004.8,0.0,28.0,73.0,3.3
1648,2025-07-07,1006.2,0.0,28.4,75.0,2.6
1649,2025-07-08,1008.9,0.0,27.2,83.0,2.6
1650,2025-07-09,1011.1,15.5,27.7,82.0,2.5
1651,2025-07-10,1011.9,0.0,26.6,80.0,3.1
1652,2025-07-11,1012.3,0.0,26.5,80.0,2.5
1653,2025-07-12,1010.4,0.0,26.2,79.0,2.9
1654,2025-07-13,1004.8,0.0,27.4,76.0,2.4
1655,2025-07-14,996.1,3.0,30.2,61.0,3.6
1656,2025-07-15,1000.2,7.5,28.2,76.0,3.0
1657,2025-07-16,1009.1,1.0,29.8,59.0,3.9
1658,2025-07-17,1012.8,4.5,28.8,63.0,5.3
1659,2025-07-18,1014.1,0.0,31.1,50.0,5.4
1660,2025-07-19,1015.1,0.0,30.0,54.0,4.3
1661,2025-07-20,1015.9,0.0,30.1,60.0,3.1
1662,2025-07-21,1016.2,0.0,30.9,63.0,2.7
1663,2025-07-22,1015.2,0.0,30.6,68.0,2.2
1664,2025-07-23,1013.6,0.0,30.4,71.0,2.4
1665,2025-07-24,1012.5,0.0,30.0,74.0,2.4
1666,2025-07-25,1011.9,0.0,30.5,67.0,2.7
1667,2025-07-26,1010.8,0.0,31.2,63.0,3.2
1668,2025-07-27,1008.4,0.0,30.8,61.0,2.5
1669,2025-07-28,1005.0,0.0,30.8,65.0,2.7
1670,2025-07-29,1003.1,0.0,29.9,71.0,2.9
1671,2025-07-30,1003.0,0.0,29.6,77.0,3.0
1672,2025-07-31,1003.4,0.0,30.5,78.0,2.8
1673,2025-08-01,1001.7,0.0,30.2,76.0,2.8
1674,2025-08-02,1001.6,0.0,30.1,72.0,2.6
1675,2025-08-03,1003.3,0.0,29.8,77.0,2.4
1676,2025-08-04,1004.6,0.0,31.9,66.0,2.5
1677,2025-08-05,1006.4,0.0,31.6,63.0,4.2
1678,2025-08-06,1004.5,6.5,29.8,73.0,3.3
1679,2025-08-07,1000.2,172.5,26.1,84.0,3.8
1680,2025-08-08,1004.4,1.0,26.9,72.0,2.9
1681,2025-08-09,1006.8,0.0,26.7,67.0,2.4
1682,2025-08-10,1003.4,36.5,24.4,92.0,2.3
1683,2025-08-11,1005.6,46.5,26.1,91.0,2.1
1684,2025-08-12,1011.6,41.0,24.7,93.0,2.4
1685,2025-08-13,1017.0,0.0,26.2,83.0,1.8
1686,2025-08-14,1016.1,0.0,29.5,70.0,2.5
1687,2025-08-15,1015.0,23.5,27.4,78.0,2.5
1688,2025-08-16,1013.9,0.0,28.0,77.0,2.1
1689,2025-08-17,1014.5,0.0,29.5,69.0,3.0
1690,2025-08-18,1015.5,0.0,29.0,70.0,2.6
1691,2025-08-19,1012.8,0.0,30.0,66.0,3.2
1692,2025-08-20,1011.3,0.0,30.0,67.0,3.2
1693,2025-08-21,1011.7,,29.6,71.0,2.5
1694,2025-08-22,1010.3,0.0,30.1,65.0,2.4
1695,2025-08-23,1010.8,0.0,30.8,68.0,2.3
1696,2025-08-24,1012.6,0.0,30.4,73.0,2.2
1697,2025-08-25,1012.7,0.0,30.1,74.0,2.3
1698,2025-08-26,1010.6,0.0,31.1,69.0,2.5
1699,2025-08-27,1011.1,6.0,27.7,79.0,2.2
1700,2025-08-28,1014.1,0.0,27.2,72.0,2.5
1701,2025-08-29,1014.5,0.0,29.1,70.0,2.2
1702,2025-08-30,1014.8,0.0,30.0,66.0,2.7
1703,2025-08-31,1012.9,0.0,29.9,70.0,2.3
1704,2025-09-01,1010.2,0.0,31.5,58.0,3.8
1705,2025-09-02,1009.7,0.0,31.5,57.0,4.7
1706,2025-09-03,1013.0,0.5,27.2,79.0,2.6
1707,2025-09-04,1012.3,9.5,27.0,83.0,1.9
1708,2025-09-05,1007.9,11.0,26.2,86.0,2.5
1709,2025-09-06,1010.7,0.0,26.4,72.0,2.3
1710,2025-09-07,1008.2,0.0,29.5,60.0,4.1
1711,2025-09-08,1010.4,31.0,27.6,82.0,2.1
1712,2025-09-09,1011.9,0.0,27.3,82.0,2.6
1713,2025-09-10,1012.7,5.5,25.9,84.0,2.8
1714,2025-09-11,1014.8,18.5,25.5,85.0,2.6
1715,2025-09-12,1015.9,15.0,25.0,87.0,2.1
1716,2025-09-13,1009.7,1.0,28.5,66.0,4.3
1717,2025-09-14,1011.9,78.5,24.7,92.0,2.1
1718,2025-09-15,1015.4,11.5,27.4,81.0,2.0
1719,2025-09-16,1014.4,12.0,27.7,77.0,2.0
1720,2025-09-17,1010.9,0.5,29.5,73.0,3.2
1721,2025-09-18,1012.1,48.5,24.0,88.0,3.1
1722,2025-09-19,1016.8,0.5,23.4,74.0,3.0
1723,2025-09-20,1009.1,97.0,24.8,78.0,4.0
1724,2025-09-21,1014.1,4.0,22.6,76.0,2.9
1725,2025-09-22,1020.4,0.0,21.1,71.0,2.6
1726,2025-09-23,1020.6,0.0,22.2,71.0,1.8
1727,2025-09-24,1019.3,0.0,24.8,58.0,3.7
1728,2025-09-25,1018.0,7.0,23.8,72.0,4.4
1729,2025-09-26,1017.2,4.5,24.6,78.0,2.5
1730,2025-09-27,1018.2,0.0,22.0,73.0,2.7
1731,2025-09-28,1012.3,0.5,22.5,72.0,2.0
1732,2025-09-29,1007.4,14.5,23.3,80.0,3.2
1733,2025-09-30,1011.9,0.0,21.7,78.0,2.1
1734,2025-10-01,1012.5,0.5,21.7,79.0,2.1
1735,2025-10-02,1017.7,0.0,21.0,69.0,2.8
1736,2025-10-03,1020.9,0.0,21.4,71.0,1.7
1737,2025-10-04,1016.0,6.5,23.3,66.0,5.3
1738,2025-10-05,1012.5,16.5,22.2,92.0,2.1
1739,2025-10-06,1014.8,4.5,22.5,77.0,4.8
1740,2025-10-07,1016.3,0.0,22.1,77.0,1.6
1741,2025-10-08,1014.8,0.0,22.6,82.0,2.8
1742,2025-10-09,1017.0,0.0,21.5,66.0,6.2
1743,2025-10-10,1019.8,0.0,19.8,68.0,2.2
1744,2025-10-11,1014.9,0.5,19.7,81.0,1.4
1745,2025-10-12,1010.5,0.0,25.3,73.0,3.3
1746,2025-10-13,1014.0,11.5,20.9,86.0,4.2
1747,2025-10-14,1017.2,35.5,18.2,92.0,1.6
1748,2025-10-15,1019.5,0.0,20.4,83.0,2.5
1749,2025-10-16,1015.8,63.0,19.9,92.0,2.1
1750,2025-10-17,1021.7,1.5,20.6,75.0,3.7
1751,2025-10-18,1017.0,35.5,21.5,74.0,4.5
1752,2025-10-19,1021.7,10.0,17.5,86.0,3.0
1753,2025-10-20,1023.3,5.5,16.1,85.0,3.3
1754,2025-10-21,1028.8,0.0,13.9,75.0,2.0
1755,2025-10-22,1028.4,0.0,13.5,75.0,2.1
1756,2025-10-23,1027.0,0.0,13.8,72.0,3.0
1757,2025-10-24,1025.9,0.0,14.0,70.0,2.8
1758,2025-10-25,1022.0,3.5,14.9,80.0,1.9
1759,2025-10-26,1012.6,31.0,16.0,97.0,1.5
1760,2025-10-27,1013.7,18.5,14.8,88.0,2.7
1761,2025-10-28,1023.3,5.0,11.6,82.0,2.5
1762,2025-10-29,1029.1,0.0,11.4,75.0,3.0
1763,2025-10-30,1026.3,0.0,12.7,74.0,2.2
1764,2025-10-31,1017.5,15.0,12.8,86.0,1.4
1765,2025-11-01,1007.7,21.0,14.5,84.0,2.9
1766,2025-11-02,1013.1,11.5,13.2,84.0,3.3
1767,2025-11-03,1022.0,10.5,10.6,84.0,3.0
1768,2025-11-04,1027.3,0.0,10.7,76.0,2.1
1769,2025-11-05,1024.5,0.0,12.2,83.0,1.8
1770,2025-11-06,1020.7,0.0,13.6,80.0,2.1
1771,2025-11-07,1024.5,0.0,13.2,74.0,2.4
1772,2025-11-08,1025.8,0.0,11.8,75.0,2.3
1773,2025-11-09,1014.1,9.5,14.0,86.0,2.9
1774,2025-11-10,1012.7,10.5,11.8,89.0,2.4
1775,2025-11-11,1020.7,0.0,10.9,76.0,1.9
1776,2025-11-12,1023.0,0.0,10.4,72.0,2.3
1777,2025-11-13,1016.8,0.0,12.0,77.0,2.1
1778,2025-11-14,1018.1,0.0,11.4,74.0,2.8
1779,2025-11-15,1025.7,0.0,10.5,74.0,2.5
1780,2025-11-16,1026.6,0.0,11.2,72.0,1.8
1781,2025-11-17,1018.1,1.0,14.4,66.0,4.1
1782,2025-11-18,1017.5,18.0,7.0,87.0,2.5
1783,2025-11-19,1023.3,0.5,7.4,71.0,2.5
1784,2025-11-20,1021.4,0.0,10.1,57.0,3.3
1785,2025-11-21,1019.4,14.0,10.6,82.0,2.6
1786,2025-11-22,1025.0,3.5,10.8,70.0,2.2
1787,2025-11-23,1022.8,0.0,11.4,62.0,2.8
1788,2025-11-24,1018.5,0.0,11.9,64.0,2.6
1789,2025-11-25,1011.7,2.5,12.2,69.0,3.5
1790,2025-11-26,1019.0,10.5,10.4,88.0,2.3
1791,2025-11-27,1015.9,0.5,12.9,66.0,3.9
1792,2025-11-28,1014.6,24.0,9.9,86.0,2.8
1793,2025-11-29,1020.1,0.0,8.1,75.0,2.0
1794,2025-11-30,1018.0,0.0,11.9,56.0,3.3
1795,2025-12-01,1016.1,0.5,15.1,59.0,4.4
1796,2025-12-02,1015.1,2.0,12.4,82.0,2.6
1797,2025-12-03,1012.0,21.5,6.9,87.0,3.2
1798,2025-12-04,1018.6,6.5,3.2,81.0,2.9
1799,2025-12-05,1020.3,32.5,2.9,92.0,2.6
1800,2025-12-06,1022.0,0.0,6.4,64.0,3.7
1801,2025-12-07,1020.0,0.0,10.5,56.0,4.2
1802,2025-12-08,1019.5,2.0,9.6,69.0,3.6
1803,2025-12-09,1023.8,0.0,7.2,71.0,2.0
1804,2025-12-10,1024.1,3.5,6.0,84.0,2.3
1805,2025-12-11,1016.8,19.0,9.4,64.0,4.5
1806,2025-12-12,1029.5,1.0,3.6,72.0,3.0
1807,2025-12-13,1025.2,0.0,4.5,71.0,2.2
1808,2025-12-14,1007.7,26.0,6.8,86.0,3.7
1809,2025-12-15,1020.2,9.0,5.4,83.0,2.5
1810,2025-12-16,1021.9,6.5,6.6,74.0,3.0
1811,2025-12-17,1018.6,30.5,8.0,84.0,3.1
1812,2025-12-18,1026.7,4.5,5.8,80.0,2.0
1813,2025-12-19,1026.0,0.0,8.6,67.0,3.0
1814,2025-12-20,1021.0,0.0,15.9,58.0,5.5
1815,2025-12-21,1018.0,23.0,13.2,76.0,4.3
1816,2025-12-22,1028.8,4.0,5.4,78.0,3.2
1817,2025-12-23,1026.2,0.0,5.7,74.0,2.3
1818,2025-12-24,1014.3,11.0,12.3,81.0,2.6
1819,2025-12-25,1004.6,30.5,9.5,91.0,4.6
1820,2025-12-26,1012.5,12.5,1.7,87.0,4.1
1821,2025-12-27,1020.9,3.5,2.3,84.0,2.2
1822,2025-12-28,1022.5,2.0,5.4,75.0,2.7
1823,2025-12-29,1018.4,1.0,8.9,58.0,5.0
1824,2025-12-30,1017.3,10.5,8.1,81.0,3.2
1825,2025-12-31,1017.3,11.5,4.3,87.0,3.3
